,Country,Age,Gender,Travel_Purpose,Preferred_Destination,Stay_Duration_Days,Spending_USD,Accommodation_Type,Travel_Frequency_per_Year,Average_Spending_Accommodation_USD,Average_Spending_Transport_USD,Average_Spending_Food_USD,Average_Cost_Per_Day_AED,With_Family,Average_Spend,Average_Cost_Per_Day_USD,Total_Cost
0,3,33,1,3,1,8,3024,2,3,293,103,35,5041.995085,1,396,1680.665028333333,13445.320226666665
1,1,58,0,0,1,27,2469,1,6,258,79,141,1559.226171,1,337,519.742057,14033.035539
2,1,35,2,1,2,16,684,3,1,328,266,176,2510.978323,0,594,836.9927743333333,13391.884389333332
3,6,39,2,2,0,3,880,2,8,479,228,110,2362.073069,0,707,787.3576896666667,2362.073069
4,3,49,1,2,1,10,654,0,5,331,121,194,1393.362935,1,452,464.4543116666667,4644.543116666667
5,6,37,2,3,1,26,2040,3,8,162,268,163,913.6448779,1,430,304.54829263333335,7918.255608466667
6,7,51,1,1,2,29,2888,3,10,465,191,121,3291.818483,1,656,1097.2728276666667,31820.912002333334
7,6,23,0,3,1,24,3639,1,1,268,195,104,5431.008785,1,463,1810.3362616666666,43448.07028
8,4,42,1,3,4,27,2860,1,7,321,264,59,1420.476964,0,585,473.49232133333334,12784.292676000001
9,3,58,0,1,4,15,898,3,6,106,247,137,5080.168755,0,353,1693.389585,25400.843774999998
10,7,72,1,0,4,17,3913,2,8,140,152,165,3218.068053,0,292,1072.689351,18235.718967
11,4,50,2,1,0,30,2218,0,12,212,257,141,2188.141824,0,469,729.3806079999999,21881.41824
12,0,38,1,3,0,13,1216,3,11,57,78,87,1554.800542,1,135,518.2668473333333,6737.469015333333
13,2,66,1,0,2,26,1930,0,5,141,162,54,3045.450662,1,303,1015.1502206666668,26393.905737333334
14,1,53,1,0,4,24,1671,1,6,400,264,100,1750.931267,1,664,583.6437556666666,14007.450136
15,5,46,2,3,1,19,876,1,11,64,142,84,1613.134723,1,206,537.7115743333333,10216.519912333331
16,2,42,1,0,2,15,2926,3,5,254,292,150,2168.760501,1,546,722.9201670000001,10843.802505000001
17,1,44,0,0,0,7,817,0,10,339,79,82,4708.772697,0,418,1569.590899,10987.136293
18,5,57,2,1,2,9,3142,0,8,465,125,87,4850.215668,1,590,1616.738556,14550.647004
19,4,37,1,3,2,3,3468,1,4,234,215,183,4564.189595,1,449,1521.3965316666665,4564.189595
20,4,45,2,1,4,12,4949,3,5,358,131,126,3397.153996,1,489,1132.3846653333333,13588.615984
21,1,19,2,3,0,19,1398,3,2,272,115,132,4989.178495,1,387,1663.0594983333333,31598.130468333333
22,2,71,0,0,0,10,2010,3,5,209,33,37,1595.46294,0,242,531.82098,5318.2098
23,1,26,0,0,2,26,466,0,7,486,48,76,3709.227097,1,534,1236.4090323333332,32146.634840666666
24,4,18,1,1,0,16,1334,3,12,215,88,118,735.9633541,1,303,245.3211180333333,3925.137888533333
25,1,55,2,2,0,7,1958,0,2,159,206,116,4323.167937,0,365,1441.055979,10087.391853
26,3,53,0,1,4,2,4716,0,3,245,259,163,2096.147392,0,504,698.7157973333333,1397.4315946666666
27,4,49,1,3,3,21,1987,1,3,461,135,94,4107.354312,1,596,1369.1181040000001,28751.480184000004
28,4,64,1,0,3,16,3320,3,12,224,250,197,1513.792725,1,474,504.597575,8073.5612
29,1,50,2,1,2,24,1886,2,2,282,59,170,3189.666635,1,341,1063.2222116666667,25517.33308
30,5,54,0,0,2,28,3775,0,1,164,114,197,4902.516312,1,278,1634.172104,45756.818912
31,7,73,1,2,0,11,1106,3,10,439,80,61,1060.230588,0,519,353.410196,3887.512156
32,5,36,0,1,2,11,1233,2,6,333,224,145,5369.707213,0,557,1789.9024043333332,19688.926447666665
33,3,47,0,2,3,24,2453,3,3,210,249,73,2529.448078,0,459,843.1493593333333,20235.584624
34,2,62,1,2,4,11,542,1,5,259,241,176,4024.027797,1,500,1341.342599,14754.768589000001
35,5,69,0,2,4,19,458,1,8,114,166,176,4485.759552,0,280,1495.2531840000001,28409.810496000002
36,3,56,2,0,2,27,1263,0,8,339,236,158,3288.488119,1,575,1096.1627063333333,29596.393071
37,5,44,1,1,0,22,4529,1,5,119,103,84,4312.256073,1,222,1437.4186909999999,31623.211202
38,7,44,0,0,4,15,1351,0,12,172,278,175,3459.974218,1,450,1153.3247393333334,17299.87109
39,2,35,2,1,2,26,4700,3,10,422,35,156,4834.562661,0,457,1611.520887,41899.543062
40,6,34,1,1,4,9,4222,0,10,480,88,153,4058.026809,0,568,1352.675603,12174.080426999999
41,3,50,2,3,1,14,4569,3,7,387,143,133,4527.370204,0,530,1509.1234013333333,21127.727618666664
42,2,18,2,3,3,9,4696,1,1,53,60,32,3012.75253,0,113,1004.2508433333334,9038.257590000001
43,6,47,2,2,4,17,3845,3,7,165,230,42,1682.435403,0,395,560.811801,9533.800616999999
44,1,46,0,3,0,26,531,1,12,101,226,30,1850.125318,1,327,616.7084393333333,16034.419422666666
45,0,37,1,2,4,29,4979,1,7,178,288,52,3347.468329,0,466,1115.8227763333332,32358.860513666663
46,7,52,0,1,3,8,681,1,12,88,147,91,788.6061219,1,235,262.8687073,2102.9496584
47,4,22,0,3,1,30,1426,2,2,204,172,87,5386.478014,0,376,1795.4926713333334,53864.78014
48,5,56,2,1,2,30,1882,2,6,293,97,81,3838.4863,1,390,1279.4954333333333,38384.863
49,2,43,1,2,0,30,621,3,10,474,46,69,4694.667004,0,520,1564.8890013333332,46946.67004
50,6,23,1,2,1,3,3138,1,11,257,296,153,3114.640918,0,553,1038.2136393333333,3114.640918
51,5,75,2,2,4,5,3567,2,7,151,192,24,2838.737215,1,343,946.2457383333334,4731.228691666667
52,5,18,0,0,3,28,3999,3,5,128,136,50,2651.779824,1,264,883.9266080000001,24749.945024000004
53,1,44,2,3,1,3,4610,2,12,57,234,186,1756.786533,1,291,585.595511,1756.786533
54,2,25,2,1,3,23,3638,0,8,278,255,24,5196.101093,0,533,1732.0336976666667,39836.775046333336
55,7,62,0,2,2,24,2483,0,9,330,129,114,1168.099039,1,459,389.3663463333333,9344.792312
56,3,67,1,2,2,27,3384,2,8,231,257,92,3103.629407,0,488,1034.5431356666666,27932.664662999996
57,3,41,2,0,2,4,380,3,6,111,244,58,2132.470976,0,355,710.8236586666667,2843.2946346666668
58,7,73,2,3,4,5,977,0,5,197,87,193,5242.569304,1,284,1747.5231013333332,8737.615506666665
59,0,18,0,1,1,27,2392,0,2,247,245,138,3518.136023,0,492,1172.7120076666668,31663.224207000003
60,3,52,2,3,3,18,4307,2,5,498,210,113,3823.381667,1,708,1274.4605556666668,22940.290002
61,2,73,1,2,2,7,1361,0,8,368,129,32,1008.103755,1,497,336.034585,2352.242095
62,2,18,0,1,2,17,4254,3,6,97,142,161,5253.032391,0,239,1751.010797,29767.183548999998
63,6,26,0,2,0,12,3203,1,10,409,142,189,3317.253502,0,551,1105.7511673333333,13269.014008
64,3,52,1,1,2,9,1397,2,1,220,286,144,4025.631844,1,506,1341.8772813333333,12076.895531999999
65,4,53,2,3,1,8,1421,3,1,465,181,61,4190.987191,1,646,1396.9957303333333,11175.965842666667
66,7,67,0,3,4,21,4494,2,8,182,222,188,1587.395307,1,404,529.131769,11111.767149
67,3,26,1,3,2,13,3927,3,6,227,259,151,2378.202491,0,486,792.7341636666666,10305.544127666666
68,4,43,1,0,2,28,4591,3,1,77,205,79,3468.557227,0,282,1156.1857423333333,32373.200785333334
69,7,64,1,1,1,14,1007,1,4,92,175,195,4878.004814,0,267,1626.0016046666667,22764.022465333335
70,4,30,0,3,2,29,525,1,10,442,56,166,3501.770117,1,498,1167.2567056666667,33850.44446433333
71,3,70,2,3,4,2,1484,1,10,147,219,69,2389.497371,0,366,796.4991236666666,1592.9982473333332
72,7,63,0,1,2,6,884,3,9,229,78,82,3351.990278,1,307,1117.3300926666668,6703.980556
73,3,26,0,3,1,9,762,3,9,340,262,47,4414.574839,1,602,1471.5249463333332,13243.724516999999
74,3,45,2,2,4,20,3814,1,12,192,213,71,1892.283347,0,405,630.7611156666667,12615.222313333334
75,7,55,2,1,4,5,3515,3,11,175,236,108,5504.45678,0,411,1834.8189266666668,9174.094633333334
76,2,23,0,3,2,3,2106,2,2,376,63,119,5024.994784,0,439,1674.9982613333334,5024.994784
77,3,69,1,1,1,18,1993,1,8,304,142,120,3852.783794,0,446,1284.2612646666666,23116.702764
78,7,50,1,3,3,26,2652,0,11,259,284,26,1009.229213,0,543,336.4097376666667,8746.653179333334
79,2,28,1,1,3,25,939,2,10,257,89,83,816.2998453,0,346,272.09994843333334,6802.4987108333335
80,1,24,1,3,2,30,3590,2,11,108,74,105,1088.318627,1,182,362.7728756666667,10883.186270000002
81,7,72,2,0,4,10,4793,3,10,246,246,144,2656.612652,0,492,885.5375506666666,8855.375506666665
82,7,39,2,0,3,12,509,3,11,223,144,177,1928.001338,0,367,642.6671126666666,7712.005352
83,7,65,1,2,4,3,3376,2,7,335,68,122,4122.269502,1,403,1374.089834,4122.269502
84,1,56,0,3,4,22,1509,0,6,216,219,199,2030.134722,0,435,676.711574,14887.654628
85,6,65,0,3,2,8,4848,1,6,304,227,21,1282.398395,0,531,427.4661316666666,3419.729053333333
86,7,35,1,0,1,27,347,3,11,150,65,183,1944.112372,1,215,648.0374573333334,17497.011348
87,6,44,1,1,2,9,3220,2,3,454,76,193,4202.611205,1,530,1400.8704016666668,12607.833615000001
88,4,59,1,2,0,24,3348,3,8,152,88,198,2294.655096,0,240,764.885032,18357.240768
89,1,40,1,2,3,21,3319,2,11,456,69,98,4607.803031,1,525,1535.9343436666668,32254.621217000004
90,4,37,0,0,0,22,1138,1,1,176,119,98,4796.906629,1,295,1598.9688763333334,35177.315279333336
91,7,46,2,1,3,19,4272,0,7,492,293,185,1097.683943,0,785,365.8946476666667,6951.998305666667
92,2,74,2,2,2,29,1192,1,1,242,246,139,5022.311651,1,488,1674.1038836666667,48549.01262633334
93,7,20,0,1,3,5,785,3,5,61,54,54,3906.377869,0,115,1302.1259563333333,6510.6297816666665
94,4,21,1,3,0,30,2265,2,1,144,60,36,3076.6427,0,204,1025.5475666666666,30766.427
95,2,20,2,3,2,18,689,3,2,446,62,188,5310.399629,1,508,1770.1332096666665,31862.397773999997
96,7,59,1,1,1,7,1182,0,9,286,115,195,1321.95644,0,401,440.6521466666666,3084.565026666666
97,0,51,2,1,4,27,1150,1,11,443,270,189,2593.772142,0,713,864.5907139999999,23343.949278
98,6,53,2,2,4,8,2139,1,1,459,136,131,3543.857915,0,595,1181.2859716666667,9450.287773333333
99,5,60,1,3,2,3,1131,2,4,304,45,56,4629.68282,0,349,1543.2276066666666,4629.68282
100,4,54,1,3,1,26,391,2,11,252,274,72,3420.708515,0,526,1140.2361716666667,29646.140463333333
101,4,52,2,2,2,14,3197,3,2,165,187,180,4689.00506,0,352,1563.0016866666667,21882.023613333335
102,7,40,1,1,1,8,3717,3,5,76,110,107,3045.264736,1,186,1015.0882453333334,8120.705962666667
103,6,61,2,0,4,2,1887,0,9,260,190,119,1124.107651,1,450,374.70255033333336,749.4051006666667
104,7,48,1,0,4,7,1076,1,7,298,94,175,2718.467461,1,392,906.1558203333334,6343.090742333334
105,3,56,0,3,3,21,2458,2,5,253,39,63,4818.990826,0,292,1606.3302753333335,33732.935782
106,1,46,1,3,1,4,676,3,5,361,143,187,864.6772603,1,504,288.2257534333333,1152.9030137333332
107,7,40,2,3,3,8,970,3,10,347,99,34,3844.767506,1,446,1281.5891686666666,10252.713349333333
108,7,21,2,2,0,5,4513,2,1,403,214,73,4960.959679,1,617,1653.6532263333331,8268.266131666665
109,2,19,2,0,0,8,2638,2,6,379,196,168,2046.171555,1,575,682.057185,5456.45748
110,1,69,0,0,0,4,684,2,1,134,295,105,3031.309202,0,429,1010.4364006666666,4041.7456026666664
111,6,70,2,3,4,11,2476,1,7,425,39,177,2229.504672,1,464,743.168224,8174.850464
112,7,31,1,0,4,16,4637,3,11,351,219,82,4014.144228,1,570,1338.048076,21408.769216
113,4,35,2,0,4,24,3639,1,11,430,105,193,4685.25561,0,535,1561.75187,37482.04488
114,5,63,2,3,4,26,3409,3,2,469,148,22,883.1510249,1,617,294.38367496666666,7653.9755491333335
115,6,42,0,3,0,3,3290,1,6,446,152,164,1976.340781,0,598,658.7802603333333,1976.3407809999999
116,0,48,1,1,2,19,762,1,12,317,195,28,4596.385937,0,512,1532.1286456666667,29110.444267666666
117,7,30,1,0,1,27,3808,1,1,76,58,102,2672.603285,0,134,890.8677616666668,24053.429565000002
118,5,18,2,0,3,27,832,1,10,413,141,113,5270.432469,1,554,1756.810823,47433.892221
119,2,56,0,3,3,27,3807,0,7,277,245,195,5227.831569,1,522,1742.610523,47050.484121
120,2,42,1,0,2,15,3258,0,11,476,242,87,4815.897495,1,718,1605.2991650000001,24079.487475
121,4,59,0,0,0,18,4020,1,11,294,160,83,3770.550618,0,454,1256.850206,22623.303708
122,1,27,2,0,3,25,1246,3,7,480,94,60,4929.851154,1,574,1643.283718,41082.09295
123,4,62,0,2,4,13,4836,0,11,440,74,79,2019.192109,1,514,673.0640363333333,8749.832472333333
124,3,51,2,2,1,16,2876,0,10,103,183,71,2540.947262,0,286,846.9824206666667,13551.718730666667
125,6,40,1,3,0,22,2679,3,10,129,102,119,3632.118762,1,231,1210.706254,26635.537588
126,4,18,1,2,3,5,2006,2,5,419,299,93,3007.846494,1,718,1002.615498,5013.07749
127,3,58,1,1,0,16,225,2,3,169,33,54,1404.161084,0,202,468.0536946666667,7488.859114666667
128,7,42,2,2,3,9,534,3,9,305,132,28,3397.811216,1,437,1132.6037386666667,10193.433648
129,4,36,2,0,4,11,2514,3,4,102,237,65,3920.433501,0,339,1306.811167,14374.922837
130,1,65,2,0,3,19,682,0,8,424,190,149,1574.606554,0,614,524.8688513333333,9972.508175333332
131,1,56,1,0,3,3,2872,3,9,121,76,69,1652.111061,0,197,550.7036870000001,1652.111061
132,5,18,0,3,0,14,3192,0,9,491,225,184,4892.082201,1,716,1630.6940670000001,22829.716938
133,4,43,2,1,0,28,3179,2,11,364,296,167,3896.324832,1,660,1298.774944,36365.698432
134,5,44,2,3,3,13,1002,1,7,341,246,191,2499.321217,1,587,833.1070723333333,10830.391940333333
135,0,40,1,1,2,6,3814,3,11,214,207,79,3943.545282,1,421,1314.515094,7887.090564
136,5,39,2,1,1,13,973,1,3,246,266,94,5095.775944,0,512,1698.5919813333333,22081.69575733333
137,3,59,2,2,2,27,3637,2,12,142,136,79,5428.38677,1,278,1809.4622566666667,48855.48093
138,6,29,0,3,0,30,3647,3,12,79,232,75,1540.032005,0,311,513.3440016666667,15400.320050000002
139,5,71,2,0,3,6,905,3,10,370,207,101,2211.573218,1,577,737.1910726666666,4423.146436
140,0,37,1,3,1,23,2885,1,11,385,109,53,2676.352202,1,494,892.1174006666666,20518.700215333334
141,3,47,2,0,2,12,3869,1,11,409,134,96,3819.273803,0,543,1273.0912676666667,15277.095212
142,2,62,0,1,2,29,2141,0,2,364,102,76,2674.876163,0,466,891.6253876666666,25857.13624233333
143,1,51,1,2,4,18,3517,2,12,438,52,146,3750.728486,0,490,1250.2428286666666,22504.370916
144,1,66,1,2,3,8,2697,3,1,500,120,98,1616.169207,1,620,538.723069,4309.784552
145,0,68,2,3,4,9,1755,3,11,282,145,192,4214.253827,1,427,1404.7512756666665,12642.761480999998
146,3,56,2,1,3,27,3935,2,11,477,104,198,5426.022806,0,581,1808.6742686666666,48834.205254
147,5,30,0,1,0,22,1430,0,8,68,141,182,2057.278886,1,209,685.7596286666667,15086.711830666667
148,6,19,1,2,3,20,4346,1,2,355,178,35,1970.80873,1,533,656.9362433333333,13138.724866666667
149,6,43,1,1,1,5,3539,2,1,391,129,36,3866.722474,1,520,1288.9074913333334,6444.537456666667
150,5,61,0,3,1,6,3228,0,5,341,132,161,2921.652121,0,473,973.8840403333334,5843.304242
151,6,34,2,0,4,29,1135,0,7,398,145,197,4948.027193,0,543,1649.3423976666666,47830.92953233333
152,2,57,2,0,4,27,1175,1,12,413,190,141,2123.492098,1,603,707.8306993333334,19111.428882000004
153,4,30,0,2,4,10,472,1,6,92,295,96,4435.957516,0,387,1478.6525053333335,14786.525053333335
154,1,23,1,3,3,29,4512,0,8,297,281,155,2379.062043,1,578,793.020681,22997.599749
155,3,32,1,2,0,25,1926,1,11,399,131,96,3298.912468,1,530,1099.6374893333334,27490.937233333334
156,3,65,0,2,1,2,1758,3,6,245,180,26,3389.385589,1,425,1129.7951963333333,2259.5903926666665
157,0,75,0,2,0,5,2286,3,7,328,108,32,1623.719288,0,436,541.2397626666667,2706.1988133333334
158,2,57,0,2,2,10,232,0,11,68,175,144,3484.395447,1,243,1161.4651489999999,11614.651489999998
159,1,38,2,2,3,10,565,3,7,95,273,96,3688.429498,0,368,1229.4764993333333,12294.764993333334
160,7,71,2,2,3,2,4600,2,7,88,239,103,5186.222942,1,327,1728.7409806666667,3457.4819613333334
161,1,22,2,2,3,8,788,3,7,190,148,69,2462.477076,0,338,820.825692,6566.605536
162,0,24,2,0,2,16,1757,1,7,345,287,181,1318.934717,1,632,439.6449056666667,7034.3184906666675
163,0,42,2,3,4,7,2253,3,11,429,202,113,2907.390641,0,631,969.1302136666667,6783.911495666667
164,6,72,1,0,3,29,4257,3,3,172,242,168,2217.019888,0,414,739.0066293333333,21431.192250666667
165,7,62,1,0,0,3,3137,2,9,230,293,190,2568.793658,0,523,856.2645526666666,2568.793658
166,6,50,0,3,0,4,4036,3,12,370,76,69,2432.751468,1,446,810.917156,3243.668624
167,7,73,0,1,1,15,4144,2,7,460,72,83,3090.686932,1,532,1030.2289773333334,15453.43466
168,0,58,1,2,0,29,408,1,10,275,270,156,1553.151596,0,545,517.7171986666666,15013.798761333332
169,7,28,2,2,3,20,1235,2,6,381,237,88,1724.147609,1,618,574.7158696666667,11494.317393333333
170,0,21,1,0,4,24,1403,3,9,100,273,76,3998.310509,1,373,1332.7701696666666,31986.484072
171,1,67,0,2,3,28,2442,1,5,128,77,27,1688.963352,0,205,562.987784,15763.657952000001
172,3,49,1,1,2,28,702,2,3,424,184,25,4423.753581,1,608,1474.584527,41288.366756
173,0,48,0,0,2,22,4961,2,9,371,119,154,3866.484317,0,490,1288.8281056666667,28354.21832466667
174,6,31,0,3,0,7,644,3,5,396,84,89,5306.296164,0,480,1768.765388,12381.357716
175,3,33,1,0,4,27,2062,3,1,124,196,80,1443.909725,1,320,481.3032416666667,12995.187525000001
176,0,65,0,3,4,7,1966,0,5,184,259,65,2627.509429,0,443,875.8364763333334,6130.855334333333
177,5,38,0,2,4,22,2715,3,6,85,103,200,4564.276616,0,188,1521.4255386666666,33471.36185066667
178,2,19,0,2,3,25,4187,0,2,378,280,35,3504.92675,1,658,1168.3089166666666,29207.722916666666
179,1,52,1,3,3,5,4358,2,5,297,192,59,3532.844266,0,489,1177.6147553333333,5888.073776666666
180,4,38,2,2,2,4,1481,1,2,421,216,117,3970.073902,0,637,1323.3579673333334,5293.431869333333
181,0,51,0,3,4,26,649,2,6,450,168,55,4035.31984,1,618,1345.1066133333334,34972.77194666667
182,4,55,1,0,1,2,1259,1,6,214,126,54,1806.568251,1,340,602.1894169999999,1204.3788339999999
183,3,61,0,3,1,22,2297,2,12,202,195,118,1473.051129,0,397,491.017043,10802.374946
184,6,68,0,0,2,13,1779,3,2,280,170,130,4954.164228,0,450,1651.388076,21468.044987999998
185,4,18,0,3,0,8,4622,3,10,312,236,166,3690.511653,0,548,1230.170551,9841.364408
186,2,59,1,1,3,10,1019,2,8,206,185,196,2945.691611,1,391,981.8972036666668,9818.972036666668
187,7,59,1,3,4,30,2124,3,4,241,53,156,3884.268419,0,294,1294.7561396666667,38842.68419
188,3,66,2,1,4,24,980,2,4,407,142,91,4931.705861,0,549,1643.9019536666667,39453.646888
189,2,25,2,3,1,10,2993,2,8,330,233,114,1033.733341,1,563,344.57778033333335,3445.7778033333334
190,3,73,0,0,3,13,878,0,3,209,275,138,1310.337981,1,484,436.77932699999997,5678.131251
191,6,75,1,2,2,2,1402,2,12,347,216,86,4759.860268,0,563,1586.6200893333335,3173.240178666667
192,7,61,0,3,4,30,3872,3,3,84,85,43,5190.043752,1,169,1730.0145839999998,51900.43751999999
193,7,50,0,2,1,18,4546,3,4,120,143,97,2566.726283,1,263,855.5754276666667,15400.357698
194,0,65,0,3,0,10,3703,2,7,313,268,163,2170.868158,1,581,723.6227193333334,7236.227193333334
195,4,57,0,2,4,30,671,2,6,63,194,147,3843.596088,1,257,1281.198696,38435.96088
196,6,44,1,2,4,19,3046,1,3,172,183,76,4556.069027,0,355,1518.6896756666665,28855.103837666662
197,2,52,1,2,1,8,767,2,2,382,42,141,2986.386958,0,424,995.4623193333333,7963.6985546666665
198,7,60,2,1,1,29,1351,2,3,158,35,178,2556.889253,1,193,852.2964176666666,24716.59611233333
199,6,28,1,2,4,9,3183,0,5,245,113,156,1466.158281,0,358,488.719427,4398.474843
200,7,53,1,2,1,9,604,2,3,291,114,170,2983.372012,1,405,994.4573373333333,8950.116036
201,6,73,0,1,4,11,4306,1,3,272,261,77,1427.661849,1,533,475.887283,5234.760113
202,3,18,2,3,3,24,645,3,4,433,245,133,3948.888854,1,678,1316.2962846666667,31591.110832
203,0,70,1,3,4,10,1328,0,4,262,156,151,2114.440938,1,418,704.8136460000001,7048.136460000001
204,3,35,2,2,2,3,4571,1,4,292,66,66,2386.395882,1,358,795.465294,2386.395882
205,2,48,2,0,3,8,1062,2,11,143,291,40,2489.266739,0,434,829.7555796666667,6638.044637333333
206,4,34,0,0,4,15,2447,1,10,429,298,74,4788.144614,0,727,1596.0482046666666,23940.72307
207,5,63,0,2,4,4,1793,3,4,416,61,170,2711.439298,1,477,903.8130993333333,3615.252397333333
208,7,28,0,1,2,21,1214,3,8,109,102,101,3038.938221,0,211,1012.9794069999999,21272.567547
209,1,53,1,2,0,23,3139,1,12,205,67,77,1653.304194,1,272,551.101398,12675.332154
210,5,22,2,2,2,7,700,3,10,248,151,78,4022.822364,0,399,1340.940788,9386.585516000001
211,5,75,2,1,1,18,587,1,1,241,254,46,5010.583003,1,495,1670.1943343333332,30063.498018
212,6,72,1,1,3,27,3591,1,2,337,137,154,3545.684547,0,474,1181.894849,31911.160923
213,1,72,2,3,4,30,334,1,10,169,244,189,1393.985604,0,413,464.66186799999997,13939.856039999999
214,1,48,1,0,3,25,746,3,7,421,93,40,3728.428016,1,514,1242.8093386666667,31070.23346666667
215,3,33,1,1,0,29,2447,0,5,260,187,175,1654.186988,0,447,551.3956626666667,15990.474217333334
216,7,69,1,1,1,7,4297,2,5,405,233,79,757.129768,0,638,252.37658933333333,1766.6361253333332
217,3,71,1,3,4,8,1196,2,5,396,88,124,2149.119106,1,484,716.3730353333334,5730.984282666667
218,4,27,2,0,3,22,1882,2,4,416,46,152,1911.649724,0,462,637.2165746666667,14018.764642666667
219,2,22,1,3,2,25,2813,2,5,236,261,163,4046.271597,1,497,1348.757199,33718.929975
220,4,58,1,2,4,29,2771,0,2,260,287,154,4596.685833,1,547,1532.2286109999998,44434.629719
221,3,57,2,1,1,30,3097,0,5,249,111,119,1588.834101,1,360,529.611367,15888.34101
222,4,75,2,0,3,28,3626,3,10,382,266,116,3490.992554,0,648,1163.6641846666666,32582.597170666668
223,0,30,0,3,0,30,2065,0,10,129,232,124,3373.562111,1,361,1124.5207036666668,33735.62111000001
224,1,60,2,3,2,25,2674,0,3,150,94,56,1479.237693,0,244,493.079231,12326.980775
225,3,32,2,1,4,23,4977,1,5,163,208,160,4629.849286,0,371,1543.2830953333332,35495.511192666665
226,0,43,2,3,0,20,4471,3,11,384,40,148,2162.356959,0,424,720.785653,14415.71306
227,3,53,2,3,0,28,1556,0,7,173,298,174,5384.062344,1,471,1794.687448,50251.248543999995
228,1,36,1,1,3,6,1322,1,8,211,224,184,2944.910962,0,435,981.6369873333333,5889.821924
229,6,41,0,1,0,14,1609,2,2,441,175,75,3574.006262,0,616,1191.3354206666666,16678.695889333332
230,5,18,0,1,4,28,2827,2,7,297,99,140,4921.129246,1,396,1640.3764153333334,45930.53962933333
231,4,23,0,2,0,15,3927,3,7,355,218,175,3348.879767,0,573,1116.2932556666667,16744.398835
232,2,39,1,2,2,9,4122,1,10,195,34,43,1266.849892,1,229,422.28329733333334,3800.549676
233,7,69,2,1,0,29,1129,1,12,144,236,152,5088.386625,0,380,1696.128875,49187.737375000004
234,4,65,0,2,0,25,4347,3,7,227,245,105,1666.698991,0,472,555.5663303333333,13889.158258333333
235,0,65,2,2,3,6,3451,2,4,412,148,151,3727.859076,0,560,1242.619692,7455.7181519999995
236,4,47,2,1,0,18,4281,2,6,333,49,63,3604.878216,0,382,1201.626072,21629.269296
237,6,40,0,2,2,25,544,0,9,222,124,155,765.1527534,0,346,255.0509178,6376.272945000001
238,0,56,2,2,2,11,3912,2,9,80,255,47,1117.769021,1,335,372.58967366666667,4098.486410333333
239,3,75,0,0,2,14,2495,2,5,321,88,154,2048.493304,1,409,682.8311013333333,9559.635418666667
240,3,26,2,2,3,12,2816,3,2,349,249,172,2795.124093,0,598,931.708031,11180.496372
241,2,70,0,3,3,13,1800,3,10,304,155,156,4865.14965,1,459,1621.71655,21082.315150000002
242,0,60,2,0,3,17,3738,0,8,486,207,47,1872.05427,0,693,624.01809,10608.30753
243,7,64,0,2,0,27,3942,0,11,444,242,182,936.2887145,1,686,312.09623816666664,8426.598430499998
244,1,64,0,1,1,15,4343,1,12,217,171,81,4598.908397,0,388,1532.9694656666668,22994.541985000003
245,0,74,1,1,3,18,393,0,11,160,165,84,4793.186561,1,325,1597.7288536666667,28759.119366000003
246,1,35,1,2,4,28,980,3,6,421,155,140,4387.561026,0,576,1462.520342,40950.569576
247,6,47,2,3,3,14,3196,3,3,186,113,152,2622.486461,0,299,874.1621536666667,12238.270151333334
248,1,41,2,1,1,9,1827,0,6,339,94,161,1262.457805,1,433,420.81926833333335,3787.373415
249,4,28,1,3,0,29,1960,1,10,400,71,122,955.1830793,0,471,318.3943597666667,9233.436433233333
250,3,71,0,3,1,10,3137,1,6,73,89,47,2843.046814,0,162,947.6822713333332,9476.822713333333
251,2,53,2,0,3,23,3274,2,7,151,94,150,3973.695946,0,245,1324.5653153333333,30465.002252666665
252,5,36,2,3,2,13,203,0,6,325,233,173,3945.918345,0,558,1315.306115,17098.979495
253,0,44,2,0,0,27,2835,1,2,455,74,173,5278.504441,0,529,1759.5014803333333,47506.539969
254,3,58,1,2,2,14,1929,2,9,190,47,173,3993.286163,0,237,1331.0953876666667,18635.335427333335
255,2,47,0,3,1,9,3891,2,4,114,245,182,5160.668655,0,359,1720.2228850000001,15482.005965
256,4,69,1,0,0,6,899,3,11,422,148,92,1534.280506,1,570,511.4268353333334,3068.561012
257,6,53,1,2,4,12,883,1,5,426,65,54,2162.94498,1,491,720.98166,8651.77992
258,2,65,0,2,3,9,2287,2,5,110,259,68,1954.341656,0,369,651.4472186666667,5863.024968
259,1,30,1,0,4,7,2302,0,10,208,71,144,2049.493246,1,279,683.1644153333333,4782.150907333333
260,4,43,0,3,3,8,3250,3,6,259,78,28,5135.355419,1,337,1711.7851396666667,13694.281117333334
261,4,24,1,1,0,29,3767,0,5,372,48,135,2141.307486,1,420,713.769162,20699.305698
262,3,25,1,2,2,18,4855,3,6,400,171,114,3573.877207,1,571,1191.2924023333333,21443.263241999997
263,4,69,1,0,0,18,1654,3,2,223,221,197,1541.511241,0,444,513.8370803333333,9249.067446000001
264,0,63,1,2,2,18,763,1,1,74,282,72,5365.902449,0,356,1788.6341496666666,32195.414694
265,4,54,2,1,2,8,3789,0,11,85,50,115,1876.056336,1,135,625.352112,5002.816896
266,0,23,2,1,0,26,1118,2,5,484,50,83,3376.135113,1,534,1125.378371,29259.837646
267,2,75,2,3,3,25,647,1,9,132,98,108,4923.040757,1,230,1641.0135856666666,41025.339641666666
268,5,30,0,0,0,24,2452,2,6,128,85,123,1386.978972,0,213,462.32632400000006,11095.831776
269,1,58,1,1,1,13,1735,3,12,405,56,48,4880.321433,0,461,1626.773811,21148.059543
270,1,37,2,3,2,9,414,2,8,370,51,153,2654.231016,0,421,884.7436720000001,7962.693048000001
271,0,53,0,1,2,13,2482,1,2,469,220,168,1475.932331,0,689,491.97744366666666,6395.706767666667
272,1,71,2,1,2,24,3223,3,1,115,282,99,4102.910408,0,397,1367.6368026666667,32823.283264
273,6,34,1,3,1,26,2221,1,5,439,87,189,1789.504832,0,526,596.5016106666667,15509.041877333333
274,7,31,2,2,1,17,1022,0,3,410,115,60,2046.724438,0,525,682.2414793333334,11598.105148666667
275,3,53,0,3,0,6,2436,2,11,348,237,53,2374.76944,1,585,791.5898133333334,4749.53888
276,4,71,1,1,3,14,3435,1,8,191,171,145,5479.942237,1,362,1826.6474123333335,25573.06377266667
277,4,57,0,3,2,28,653,2,1,356,126,199,3049.63451,1,482,1016.5448366666666,28463.255426666663
278,1,75,2,1,2,24,4955,1,1,416,105,190,906.6592669,0,521,302.21975563333336,7253.274135200001
279,4,74,1,3,4,2,1835,0,7,91,300,159,4694.196227,1,391,1564.7320756666668,3129.4641513333336
280,6,73,1,2,0,29,4927,0,7,52,82,85,2876.022117,1,134,958.674039,27801.547131
281,2,32,1,2,4,13,4997,2,8,71,224,146,1576.252502,1,295,525.4175006666667,6830.427508666667
282,6,73,0,0,3,18,2303,1,6,225,266,187,4853.611718,1,491,1617.8705726666667,29121.670308
283,5,75,1,3,0,21,1127,1,4,384,202,159,4930.114793,0,586,1643.3715976666665,34510.803551
284,6,65,1,2,2,17,582,2,11,162,199,21,1392.479931,1,361,464.159977,7890.719609000001
285,7,66,2,0,3,12,3205,1,2,460,98,21,2858.532829,1,558,952.8442763333334,11434.131316
286,1,75,2,1,1,19,4506,1,10,70,277,21,1056.16246,1,347,352.0541533333333,6689.028913333333
287,6,61,1,3,4,2,2707,1,7,247,113,188,3343.255962,1,360,1114.418654,2228.837308
288,6,41,1,0,3,16,1355,1,6,157,44,190,2345.213998,0,201,781.7379993333334,12507.807989333334
289,1,41,2,2,3,19,4604,1,9,443,218,132,4009.960773,1,661,1336.653591,25396.418229
290,0,40,0,2,3,4,4403,0,12,284,180,158,4816.48151,1,464,1605.4938366666665,6421.975346666666
291,1,23,1,0,3,30,263,0,4,485,173,36,1396.239431,0,658,465.41314366666666,13962.39431
292,6,54,2,1,3,3,4833,2,7,451,103,118,992.4207486,0,554,330.8069162,992.4207486
293,5,51,1,3,4,10,4876,2,3,345,49,145,3954.647729,0,394,1318.2159096666667,13182.159096666666
294,0,73,0,3,4,29,3661,2,11,258,283,119,1214.031604,1,541,404.67720133333336,11735.638838666668
295,0,26,1,3,0,15,4223,2,5,138,276,150,940.3829269,1,414,313.46097563333336,4701.914634500001
296,1,32,0,0,1,11,3245,2,12,381,32,159,2986.053448,1,413,995.3511493333334,10948.862642666667
297,3,50,1,1,0,11,923,3,8,180,260,161,1621.654333,1,440,540.5514443333333,5946.065887666666
298,6,23,1,1,0,16,360,0,6,424,210,110,3636.412608,0,634,1212.137536,19394.200576
299,0,26,1,1,3,30,4592,1,10,412,80,101,3867.469228,0,492,1289.1564093333334,38674.69228
300,4,73,2,0,1,17,3022,1,6,382,261,161,3166.50506,0,643,1055.5016866666667,17943.528673333334
301,5,19,2,3,1,25,3354,0,5,57,109,20,2388.403821,1,166,796.134607,19903.365175
302,5,58,1,0,2,21,558,2,12,73,214,43,2203.620324,1,287,734.540108,15425.342268
303,5,74,1,1,4,10,3960,1,7,472,78,151,2356.599599,1,550,785.5331996666667,7855.331996666668
304,7,38,2,3,0,17,3742,3,3,270,173,127,3246.063583,0,443,1082.0211943333334,18394.36030366667
305,0,18,0,3,0,18,1488,3,6,76,73,78,4256.577449,0,149,1418.8591496666668,25539.464694000002
306,7,20,0,3,1,20,3134,2,4,209,145,159,1843.780363,1,354,614.5934543333334,12291.869086666667
307,2,64,2,1,0,15,3084,1,4,381,151,134,4181.629183,1,532,1393.8763943333333,20908.145915
308,1,69,2,0,3,29,4024,1,7,184,122,162,2838.415786,1,306,946.1385953333333,27438.019264666666
309,3,32,1,2,3,24,2689,1,1,416,231,192,5388.103334,1,647,1796.0344446666668,43104.826672
310,4,21,0,0,1,28,2145,0,1,442,93,104,2010.334226,1,535,670.1114086666666,18763.119442666666
311,2,69,2,3,0,25,3706,0,11,165,135,172,3759.402063,1,300,1253.134021,31328.350525
312,0,18,1,1,1,2,3001,2,7,441,224,20,3197.652561,0,665,1065.8841869999999,2131.7683739999998
313,7,34,2,0,1,23,2746,0,10,259,61,94,5192.673145,0,320,1730.8910483333332,39810.49411166666
314,0,52,1,3,0,15,963,1,12,106,69,56,1223.520654,1,175,407.840218,6117.60327
315,6,58,2,3,0,15,3718,1,11,346,30,51,4772.797398,0,376,1590.932466,23863.98699
316,5,32,1,1,0,18,538,3,7,168,140,96,4544.538611,1,308,1514.8462036666667,27267.231666
317,2,62,0,3,0,7,3026,1,11,50,73,79,3788.49896,0,123,1262.8329866666666,8839.830906666666
318,0,43,0,0,3,7,3306,3,5,121,171,168,3783.518301,0,292,1261.172767,8828.209369
319,7,44,0,1,1,19,879,2,10,485,41,104,1113.096842,0,526,371.0322806666666,7049.613332666666
320,1,44,0,2,3,19,3517,0,5,398,183,171,3336.571078,1,581,1112.1903593333334,21131.616827333335
321,0,66,0,2,0,9,1229,0,1,486,91,45,2968.288043,0,577,989.4293476666667,8904.864129
322,0,32,0,0,3,9,3923,0,4,470,247,57,1099.624892,0,717,366.54163066666666,3298.874676
323,1,70,0,3,0,20,1987,3,7,109,130,115,4539.540782,1,239,1513.1802606666668,30263.605213333336
324,5,18,2,0,4,6,820,1,11,447,244,121,1655.8946,0,691,551.9648666666667,3311.7892
325,4,32,1,1,4,28,2108,2,12,488,267,193,933.4288144,0,755,311.1429381333333,8712.002267733333
326,4,48,0,2,3,5,4369,1,3,55,112,143,3785.497625,0,167,1261.8325416666667,6309.162708333333
327,1,21,1,2,3,2,4299,2,11,123,96,26,1268.986762,0,219,422.99558733333333,845.9911746666667
328,1,25,1,3,0,6,1857,2,1,172,101,88,5012.108577,1,273,1670.702859,10024.217154
329,3,63,0,3,1,14,4737,3,4,296,262,155,1100.793475,1,558,366.9311583333333,5137.036216666666
330,5,68,0,1,3,26,4575,1,1,433,209,188,4692.982869,0,642,1564.3276230000001,40672.518198000005
331,4,22,2,0,0,29,1447,3,11,411,155,66,3309.001317,1,566,1103.0004390000001,31987.012731000003
332,6,42,2,2,3,30,1604,3,2,79,78,102,2618.308984,1,157,872.7696613333333,26183.089839999997
333,7,41,0,1,2,26,2725,2,2,430,219,141,3188.253677,1,649,1062.7512256666666,27631.53186733333
334,4,31,1,1,0,4,4548,0,11,155,230,139,1866.213689,0,385,622.0712296666667,2488.2849186666667
335,2,42,1,3,1,22,1980,0,2,71,102,53,1018.416036,0,173,339.472012,7468.384264
336,1,62,1,1,0,7,428,0,9,96,34,180,928.5880386,1,130,309.5293462,2166.7054234
337,1,22,1,1,0,11,4780,0,12,265,181,195,2364.455857,1,446,788.1519523333333,8669.671475666666
338,2,38,2,3,0,8,3823,2,5,328,261,71,3226.284378,0,589,1075.428126,8603.425008
339,6,38,0,1,2,29,3930,0,12,352,62,107,2436.484975,0,414,812.1616583333333,23552.688091666667
340,2,73,2,1,3,3,1535,3,5,112,109,130,3002.342141,1,221,1000.7807136666667,3002.342141
341,6,34,2,3,1,17,561,0,6,219,31,73,2894.700154,0,250,964.9000513333334,16403.300872666667
342,3,23,1,0,1,16,3626,2,12,314,190,69,1733.623008,0,504,577.874336,9245.989376
343,6,42,1,0,1,15,2429,1,1,318,127,58,5159.54736,0,445,1719.8491199999999,25797.7368
344,3,33,2,1,2,7,1278,2,2,253,79,33,2895.10778,0,332,965.0359266666666,6755.251486666666
345,6,56,1,0,0,18,1135,1,3,444,280,64,5021.030179,0,724,1673.6767263333334,30126.181074
346,6,42,0,1,1,6,964,3,5,121,115,144,2983.560598,0,236,994.5201993333334,5967.121196
347,1,27,0,0,2,22,1561,2,12,205,234,131,3798.858283,0,439,1266.2860943333333,27858.29407533333
348,3,70,0,0,0,30,1176,2,11,352,282,102,2233.462941,1,634,744.4876469999999,22334.629409999998
349,5,31,1,2,4,2,856,0,11,263,160,75,4381.319297,1,423,1460.4397656666667,2920.8795313333335
350,7,61,0,2,3,30,1732,1,9,358,167,129,3014.739869,1,525,1004.9132896666666,30147.398689999998
351,3,19,1,2,0,23,1625,0,7,127,183,25,3887.788601,1,310,1295.9295336666667,29806.379274333332
352,7,49,2,1,1,22,697,3,7,333,210,130,1664.819046,0,543,554.9396820000001,12208.673004000002
353,4,71,0,2,0,26,4345,2,12,500,242,81,4124.812653,1,742,1374.937551,35748.376326
354,4,71,1,3,1,25,2771,2,6,198,93,197,4557.990226,0,291,1519.3300753333333,37983.25188333333
355,5,51,1,1,0,22,4692,1,10,210,129,195,2742.388398,0,339,914.129466,20110.848252
356,2,43,0,3,2,14,2060,2,8,81,182,151,1409.777164,1,263,469.92572133333334,6578.960098666666
357,5,72,1,3,4,9,393,1,3,339,150,115,1725.145124,1,489,575.0483746666666,5175.435372
358,0,58,0,3,3,16,3684,3,2,193,115,100,4160.191468,0,308,1386.7304893333333,22187.687829333332
359,0,71,1,1,0,21,1547,1,1,59,289,54,2477.202696,1,348,825.7342319999999,17340.418872
360,4,29,0,1,2,29,2535,0,3,79,57,71,1087.936514,0,136,362.6455046666667,10516.719635333333
361,7,31,1,0,3,23,2414,1,10,291,124,152,4968.410288,1,415,1656.1367626666668,38091.14554133334
362,2,18,1,0,2,7,3858,3,2,320,63,122,4207.151375,1,383,1402.3837916666669,9816.686541666668
363,2,75,1,2,0,10,2459,1,9,365,36,78,4665.059043,1,401,1555.019681,15550.19681
364,3,22,1,3,0,4,3170,2,12,134,120,115,5500.00926,1,254,1833.3364199999999,7333.345679999999
365,2,57,2,0,3,30,3494,0,9,143,156,82,4889.157502,1,299,1629.7191673333334,48891.575020000004
366,6,75,2,3,0,13,4093,1,7,57,166,185,988.2902485,1,223,329.4300828333333,4282.591076833333
367,6,72,1,3,3,8,2614,2,5,455,186,122,3841.427884,1,641,1280.4759613333333,10243.807690666667
368,2,69,0,0,1,6,3407,2,5,461,288,121,5322.521694,1,749,1774.173898,10645.043388
369,3,68,1,1,1,12,1848,0,6,168,57,197,2266.227812,0,225,755.4092706666667,9064.911248
370,2,18,0,0,0,14,3656,0,11,405,189,98,4366.531458,0,594,1455.5104860000001,20377.146804000004
371,4,31,1,0,0,14,2392,0,11,400,233,120,4724.568484,1,633,1574.8561613333334,22047.986258666668
372,6,19,0,1,4,16,343,3,1,107,228,171,5496.952083,0,335,1832.3173610000001,29317.077776000002
373,4,75,1,2,4,24,1086,2,8,116,219,199,2406.869621,0,335,802.2898736666666,19254.956968
374,1,51,0,3,0,4,3116,1,4,160,72,180,935.9718933,0,232,311.99063110000003,1247.9625244000001
375,7,32,2,3,3,22,4382,2,2,294,71,196,2313.194037,1,365,771.0646790000001,16963.422938000003
376,1,28,1,3,3,14,2381,2,7,399,116,197,2752.466656,1,515,917.4888853333333,12844.844394666667
377,2,63,1,0,4,14,3301,0,7,299,211,59,1560.380766,0,510,520.126922,7281.776908000001
378,0,21,0,0,1,19,1871,1,12,115,90,174,4325.671847,1,205,1441.8906156666665,27395.92169766666
379,1,18,1,2,1,8,4198,0,4,444,74,32,4199.427087,1,518,1399.809029,11198.472232
380,6,52,2,0,4,15,3863,3,9,451,104,34,3848.240525,1,555,1282.7468416666668,19241.202625
381,5,39,0,2,4,17,4945,2,9,154,169,26,4719.330893,1,323,1573.1102976666668,26742.875060333336
382,7,62,0,1,3,19,4137,3,4,252,239,183,4178.981964,0,491,1392.993988,26466.885771999998
383,0,56,0,2,1,6,2640,3,7,248,61,151,4026.384047,0,309,1342.1280156666667,8052.768094
384,7,55,2,3,3,6,1796,0,10,416,169,191,1440.366258,1,585,480.122086,2880.732516
385,4,71,2,1,2,21,2431,1,4,360,198,121,1085.721976,1,558,361.90732533333335,7600.0538320000005
386,7,74,1,2,4,7,1758,1,2,52,225,181,4062.176234,1,277,1354.0587446666666,9478.411212666666
387,5,39,2,0,2,7,1369,2,2,489,146,197,911.3772199,0,635,303.7924066333333,2126.546846433333
388,3,65,2,2,2,30,795,3,4,423,54,91,1715.391429,0,477,571.797143,17153.91429
389,3,19,2,3,1,9,4957,0,11,380,220,200,4994.826159,1,600,1664.942053,14984.478477
390,7,54,1,3,3,7,2409,3,3,397,218,197,3623.269698,1,615,1207.756566,8454.295962
391,2,26,1,2,4,28,4945,0,4,63,209,47,1069.796516,0,272,356.5988386666667,9984.767482666668
392,4,45,1,3,2,17,346,2,12,493,63,96,5152.489045,1,556,1717.4963483333333,29197.437921666668
393,2,23,0,3,4,7,3823,1,7,262,110,169,1570.581078,0,372,523.527026,3664.689182
394,2,32,2,1,3,28,3986,1,11,291,37,196,1829.133692,0,328,609.7112306666667,17071.914458666666
395,7,45,2,0,0,10,1061,0,8,250,66,21,3118.709162,0,316,1039.5697206666666,10395.697206666666
396,6,56,0,2,3,24,308,1,6,395,67,33,1828.128771,1,462,609.376257,14625.030168000001
397,1,61,0,1,0,13,2313,2,5,263,282,107,5021.47745,0,545,1673.8258166666667,21759.73561666667
398,4,43,0,1,3,5,2997,1,10,136,157,40,4646.785682,1,293,1548.9285606666665,7744.642803333332
399,1,66,1,3,3,13,2060,1,6,451,100,72,1217.327103,0,551,405.775701,5275.084113000001
400,5,54,0,1,4,29,1985,1,10,460,148,82,3208.877087,1,608,1069.6256956666666,31019.14517433333
401,3,75,1,0,1,16,4899,0,9,162,199,136,4068.464331,0,361,1356.154777,21698.476432
402,1,19,1,1,1,26,2367,3,7,273,186,150,5104.440045,1,459,1701.480015,44238.480390000004
403,5,32,2,1,4,17,1101,1,5,311,103,140,3231.970675,1,414,1077.3235583333333,18314.500491666666
404,5,30,2,2,2,17,3904,0,9,272,41,60,1976.192472,0,313,658.730824,11198.424008
405,2,37,2,0,4,16,3687,2,10,431,244,56,1173.800167,0,675,391.26672233333335,6260.267557333334
406,7,29,1,1,4,18,4044,3,6,402,31,22,3619.657087,1,433,1206.5523623333333,21717.942522
407,2,38,1,2,2,10,2935,2,11,166,59,30,2937.709008,1,225,979.2363359999999,9792.36336
408,3,31,0,3,1,18,4733,2,12,370,111,60,3846.748736,1,481,1282.2495786666666,23080.492415999997
409,2,42,1,3,4,17,2753,2,8,111,177,110,3251.955233,0,288,1083.9850776666667,18427.746320333335
410,3,20,1,3,1,10,2195,2,11,252,283,61,4165.857901,0,535,1388.6193003333335,13886.193003333336
411,1,19,1,1,4,11,2786,0,3,101,207,136,3437.135526,0,308,1145.711842,12602.830262
412,7,36,0,3,3,23,909,1,5,209,288,85,5248.793116,1,497,1749.5977053333334,40240.747222666665
413,4,29,0,3,0,7,4903,1,10,418,56,65,5293.735542,0,474,1764.578514,12352.049598
414,5,35,0,3,2,16,2027,1,8,314,292,41,1687.87016,1,606,562.6233866666666,9001.974186666666
415,2,57,2,3,3,30,4872,0,8,143,245,104,3445.849349,0,388,1148.6164496666668,34458.49349
416,6,28,0,0,1,6,4508,1,2,345,251,181,865.3481443,1,596,288.4493814333333,1730.6962886
417,4,60,2,3,2,27,3570,3,6,307,42,76,2119.157365,0,349,706.3857883333334,19072.416285000003
418,0,40,1,3,2,21,1404,3,8,185,111,127,5022.661382,1,296,1674.2204606666667,35158.629674
419,4,58,2,3,4,19,1531,3,3,445,253,134,3859.937619,0,698,1286.645873,24446.271587
420,2,56,2,2,1,20,4568,1,12,147,269,55,2232.927323,0,416,744.3091076666666,14886.182153333331
421,2,42,2,0,4,30,3017,3,1,104,179,87,4426.665512,0,283,1475.5551706666665,44266.655119999996
422,7,46,1,1,2,12,2625,2,11,395,201,27,4063.732184,0,596,1354.5773946666666,16254.928735999998
423,1,56,2,2,2,19,4458,1,7,236,239,189,3491.935703,0,475,1163.9785676666668,22115.592785666668
424,2,74,1,1,3,7,4547,0,7,416,39,63,4632.06254,0,455,1544.0208466666666,10808.145926666666
425,6,22,1,1,0,23,1956,0,2,340,52,48,758.7018779,1,392,252.90062596666667,5816.714397233333
426,7,75,1,1,0,17,3459,3,2,134,259,117,1669.53226,0,393,556.5107533333334,9460.682806666668
427,1,43,2,0,4,25,3735,3,8,403,197,156,3275.998785,0,600,1091.999595,27299.989875
428,7,72,1,0,4,18,246,0,9,319,211,149,3091.124174,1,530,1030.3747246666667,18546.745044
429,1,46,2,3,0,13,4404,3,8,424,41,79,2836.308812,1,465,945.4362706666667,12290.671518666668
430,2,22,0,3,2,7,398,1,12,430,141,171,4973.817777,1,571,1657.939259,11605.574813
431,0,43,1,2,4,30,3176,1,2,281,161,182,1259.740665,1,442,419.91355500000003,12597.40665
432,2,23,0,0,1,2,847,0,8,473,88,62,2278.163518,1,561,759.3878393333333,1518.7756786666666
433,6,74,2,0,3,7,308,3,7,239,252,195,4860.830007,0,491,1620.2766689999999,11341.936683
434,4,53,0,3,3,20,4379,1,2,302,296,74,1840.590584,1,598,613.5301946666667,12270.603893333335
435,4,45,0,2,4,14,3757,3,11,450,59,67,3586.863063,1,509,1195.621021,16738.694294
436,5,53,1,1,1,9,3484,0,3,166,74,66,4193.919914,1,240,1397.9733046666668,12581.759742
437,2,19,1,0,0,9,1150,2,8,308,93,89,2456.083997,0,401,818.6946656666668,7368.251991000001
438,7,58,2,0,4,8,3367,0,12,435,288,77,763.6979611,0,723,254.56598703333336,2036.5278962666669
439,5,20,0,2,2,29,2344,0,6,259,40,98,2170.22144,0,299,723.4071466666666,20978.80725333333
440,5,70,0,2,3,2,3655,2,10,170,135,142,1895.333077,1,305,631.7776923333333,1263.5553846666667
441,5,32,2,2,2,2,2968,2,5,91,184,145,2281.605875,0,275,760.5352916666667,1521.0705833333334
442,6,46,1,1,4,21,361,1,11,65,241,117,3005.56401,1,306,1001.85467,21038.948070000002
443,3,71,1,1,4,13,3149,2,1,295,235,57,1382.885999,1,530,460.9619996666667,5992.505995666667
444,4,42,0,0,0,21,490,1,10,121,249,127,3309.094195,0,370,1103.0313983333333,23163.659365
445,4,52,1,3,0,24,1934,1,12,201,136,116,1505.639997,1,337,501.879999,12045.119976
446,4,61,1,2,1,20,1823,1,6,173,94,196,871.8924587,1,267,290.6308195666667,5812.616391333333
447,5,30,1,3,3,22,2723,2,6,164,81,83,3639.794169,1,245,1213.264723,26691.823906
448,3,53,1,1,4,17,1935,3,6,84,122,183,2150.540116,0,206,716.8467053333334,12186.393990666667
449,4,60,2,0,4,19,2029,3,8,498,177,107,4961.533167,0,675,1653.8443889999999,31423.043391
450,5,50,1,3,2,29,902,1,7,337,219,117,1698.036233,0,556,566.0120776666666,16414.350252333334
451,6,75,0,0,0,27,3405,0,3,228,165,199,1736.239977,1,393,578.746659,15626.159793
452,7,71,2,2,1,28,2181,1,5,464,226,148,4237.031585,0,690,1412.3438616666665,39545.62812666666
453,1,34,2,3,3,6,582,2,3,426,162,72,1363.976797,1,588,454.6589323333333,2727.953594
454,5,59,2,2,2,23,2695,1,8,374,199,168,1933.925226,0,573,644.641742,14826.760066
455,1,60,0,1,0,8,325,0,10,144,253,84,2975.397906,1,397,991.799302,7934.394416
456,0,70,2,3,2,26,4194,1,6,243,238,126,1328.551591,1,481,442.8505303333333,11514.113788666666
457,2,73,0,1,1,10,1377,1,6,395,159,185,3361.244245,1,554,1120.4147483333334,11204.147483333334
458,1,70,1,1,4,8,1916,1,5,207,210,53,747.9958828,0,417,249.33196093333333,1994.6556874666667
459,5,75,1,0,3,3,4742,3,6,364,187,75,1711.757817,0,551,570.5859389999999,1711.7578169999997
460,7,73,1,2,2,22,2166,1,7,75,135,117,774.9265879,0,210,258.3088626333333,5682.794977933333
461,6,62,1,0,4,15,4260,0,3,114,85,155,1026.748017,1,199,342.24933899999996,5133.740084999999
462,7,29,2,0,4,26,3857,1,12,351,148,121,1427.571209,0,499,475.85706966666663,12372.283811333333
463,5,20,2,3,3,30,1920,3,4,93,212,60,3823.778672,1,305,1274.5928906666666,38237.78672
464,2,60,2,0,4,12,1604,0,6,56,271,65,2436.855654,1,327,812.285218,9747.422616
465,7,42,0,1,2,11,2963,3,12,276,216,67,3023.686032,0,492,1007.895344,11086.848784
466,3,21,2,0,3,6,3148,0,12,315,211,58,4031.60139,1,526,1343.8671299999999,8063.20278
467,3,24,2,1,2,10,3444,3,10,57,245,180,2517.664938,1,302,839.221646,8392.21646
468,0,36,1,0,0,24,2128,3,3,182,91,94,1160.113028,1,273,386.70434266666666,9280.904224
469,7,60,2,2,3,9,1002,0,6,379,60,157,1299.560032,1,439,433.18667733333336,3898.680096
470,5,51,1,2,2,25,1541,0,10,494,155,191,1534.450794,0,649,511.48359800000003,12787.089950000001
471,0,39,2,2,0,15,4444,1,10,337,64,164,1687.9241,0,401,562.6413666666666,8439.620499999999
472,3,74,0,2,3,3,1029,1,5,418,51,103,3643.768984,0,469,1214.5896613333332,3643.7689839999994
473,2,45,2,3,2,7,1379,0,4,192,165,139,3195.923401,1,357,1065.3078003333333,7457.154602333333
474,5,20,1,3,2,7,1555,3,3,315,286,70,4671.965436,1,601,1557.3218120000001,10901.252684000001
475,3,36,1,0,2,10,2237,0,8,452,105,142,1241.519988,1,557,413.839996,4138.39996
476,5,28,1,3,1,21,3351,0,5,85,219,164,5150.603332,1,304,1716.8677773333332,36054.223324
477,7,68,1,0,2,8,1983,1,9,467,45,81,766.2767766,1,512,255.42559219999998,2043.4047375999999
478,4,45,1,1,2,18,917,2,8,345,169,87,1074.190924,1,514,358.06364133333335,6445.145544
479,2,46,1,1,0,8,1843,1,10,486,230,194,4597.501735,1,716,1532.5005783333334,12260.004626666667
480,1,37,2,0,2,22,3850,2,7,316,289,173,5255.438979,1,605,1751.8129929999998,38539.885846
481,2,30,1,3,2,12,3441,2,12,234,40,145,5089.083962,0,274,1696.3613206666666,20356.335848
482,6,56,1,0,0,9,4806,2,5,215,248,41,2936.878835,1,463,978.9596116666667,8810.636505
483,6,33,2,0,2,7,4048,0,4,375,99,23,1328.558497,0,474,442.8528323333333,3099.969826333333
484,3,33,1,2,1,30,3239,2,9,137,259,39,1882.491189,1,396,627.497063,18824.91189
485,1,52,1,3,2,18,4044,2,9,332,42,119,4454.838079,1,374,1484.9460263333333,26729.028474
486,6,26,2,0,3,14,2546,3,8,71,67,61,4977.339061,0,138,1659.1130203333332,23227.582284666663
487,1,27,1,0,3,12,4422,2,6,163,300,157,4692.848232,0,463,1564.282744,18771.392928
488,5,22,2,2,0,29,1777,3,12,145,238,84,4697.027476,1,383,1565.6758253333335,45404.59893466667
489,2,33,0,0,0,18,4654,1,2,59,69,174,3165.164035,0,128,1055.0546783333332,18990.98421
490,2,70,1,3,4,21,3518,0,11,119,294,61,1685.589111,0,413,561.863037,11799.123776999999
491,4,68,0,2,1,28,2978,1,3,468,179,159,4845.997896,0,647,1615.3326319999999,45229.313696
492,0,73,2,1,2,23,3377,1,7,96,140,132,3337.134103,1,236,1112.3780343333333,25584.694789666664
493,4,72,0,2,3,29,3455,1,4,58,201,157,1094.446011,0,259,364.815337,10579.644773
494,0,51,1,3,3,24,895,3,6,59,168,72,5474.928137,0,227,1824.9760456666666,43799.425096
495,5,39,1,3,0,13,867,0,9,335,297,95,3887.193558,0,632,1295.731186,16844.505418
496,7,60,0,0,3,7,585,0,2,182,103,199,2139.617897,1,285,713.2059656666667,4992.441759666666
497,1,41,2,3,2,17,3271,3,4,480,88,87,4480.137231,0,568,1493.3790769999998,25387.444309
498,6,38,0,0,4,24,4181,1,11,229,262,114,1547.719877,0,491,515.9066256666666,12381.759016
499,4,54,1,0,1,7,3117,1,11,128,149,109,4404.969879,0,277,1468.3232930000001,10278.263051000002
500,2,25,1,2,2,15,2887,1,3,337,66,98,2300.398052,0,403,766.7993506666667,11501.99026
501,7,29,0,3,0,30,627,1,1,367,192,198,3245.389874,1,559,1081.7966246666667,32453.89874
502,6,72,1,2,3,3,3928,3,4,401,102,150,4463.300672,0,503,1487.7668906666668,4463.300672
503,3,33,2,3,1,21,1755,0,4,327,182,47,3638.231829,1,509,1212.743943,25467.622803
504,3,38,2,0,3,26,3157,0,1,274,229,101,4089.388736,0,503,1363.1295786666667,35441.36904533333
505,1,47,0,3,4,13,1785,2,6,374,188,22,2126.828293,1,562,708.9427643333333,9216.255936333333
506,0,43,1,1,2,6,709,1,9,225,89,63,1133.793527,1,314,377.93117566666666,2267.587054
507,1,63,0,1,4,15,4801,3,1,180,161,34,1879.509346,1,341,626.5031153333333,9397.54673
508,5,24,1,0,4,6,2909,1,11,220,203,191,4842.006053,1,423,1614.0020176666667,9684.012106
509,0,37,0,0,2,4,2641,3,1,414,51,35,1794.69454,1,465,598.2315133333333,2392.926053333333
510,6,44,1,3,1,22,2826,0,12,452,213,185,4690.936617,0,665,1563.645539,34400.201858
511,0,23,1,2,2,2,3132,3,9,60,81,175,4195.426449,0,141,1398.475483,2796.950966
512,4,48,2,3,3,15,1184,3,9,144,110,164,5162.584527,1,254,1720.861509,25812.922635000003
513,0,75,0,2,4,24,3624,2,8,431,158,140,756.8231613,1,589,252.2743871,6054.5852904
514,2,40,1,2,4,24,2724,3,2,269,177,146,4682.96783,1,446,1560.9892766666665,37463.74264
515,1,28,0,1,3,12,4122,3,10,313,277,145,3657.10094,0,590,1219.0336466666665,14628.403759999997
516,0,65,1,2,4,13,4102,3,10,309,190,53,4679.044992,1,499,1559.681664,20275.861632
517,3,32,1,1,4,16,2845,1,4,231,275,143,1918.263889,0,506,639.4212963333333,10230.740741333333
518,4,65,2,0,1,18,2187,1,3,313,63,144,2684.785408,0,376,894.9284693333334,16108.712448000002
519,0,41,1,2,3,13,830,0,4,356,61,75,1820.071777,1,417,606.6905923333334,7886.977700333334
520,2,37,1,3,1,10,896,3,11,69,230,174,5400.455546,0,299,1800.1518486666666,18001.518486666668
521,2,69,2,0,2,24,826,3,2,448,34,195,4981.256629,0,482,1660.4188763333334,39850.053032
522,6,74,0,0,1,7,4386,2,12,411,114,23,3025.116487,1,525,1008.3721623333332,7058.605136333333
523,3,34,0,0,4,29,444,1,8,299,213,176,4010.221037,0,512,1336.7403456666666,38765.47002433333
524,1,21,1,1,4,13,1638,2,12,431,155,140,4364.839187,0,586,1454.9463956666666,18914.303143666664
525,5,34,0,1,2,24,2396,3,10,73,243,140,5108.820097,0,316,1702.9400323333332,40870.560776
526,5,56,0,1,2,25,1404,2,5,357,287,61,5430.245527,0,644,1810.0818423333333,45252.04605833333
527,3,51,0,2,1,25,3859,3,4,107,183,179,5481.897184,1,290,1827.2990613333334,45682.476533333334
528,1,63,0,1,3,4,1598,3,11,498,96,149,3144.086446,0,594,1048.0288153333333,4192.115261333333
529,5,41,0,0,2,30,800,3,9,277,138,145,4738.096475,0,415,1579.3654916666667,47380.96475
530,4,71,1,1,2,25,448,2,3,410,172,74,3429.96639,1,582,1143.32213,28583.05325
531,7,59,1,0,1,21,4014,3,6,449,203,27,3420.429133,1,652,1140.1430443333334,23943.003931
532,5,24,2,1,3,6,4648,0,1,450,168,160,4098.341178,1,618,1366.1137259999998,8196.682356
533,0,61,2,2,1,10,4424,3,8,246,261,135,1104.811888,0,507,368.2706293333333,3682.706293333333
534,2,60,0,0,2,2,2262,3,3,439,31,127,4989.401993,0,470,1663.1339976666668,3326.2679953333336
535,5,63,1,0,0,23,1725,3,5,422,53,100,2664.579149,1,475,888.1930496666668,20428.440142333337
536,6,40,2,0,2,30,3821,0,8,254,209,194,4146.436797,1,463,1382.1455990000002,41464.36797000001
537,1,49,2,2,1,14,2757,2,5,222,250,121,1223.922324,1,472,407.97410799999994,5711.637511999999
538,6,51,1,3,2,8,2248,1,8,177,183,43,1017.01303,1,360,339.00434333333334,2712.0347466666667
539,1,47,2,1,3,19,4126,0,9,287,203,52,4075.610156,1,490,1358.5367186666667,25812.197654666666
540,4,46,1,3,3,30,4158,2,10,277,205,183,5035.721541,0,482,1678.573847,50357.21541
541,4,23,0,2,1,3,961,1,7,461,117,94,2909.284492,0,578,969.7614973333333,2909.284492
542,7,36,2,1,2,13,717,3,5,415,36,32,2842.030814,0,451,947.3436046666667,12315.466860666667
543,5,54,0,3,1,13,2999,0,9,481,235,194,1585.080458,0,716,528.3601526666666,6868.681984666666
544,2,46,2,3,4,15,727,3,12,267,187,188,2997.795734,0,454,999.2652446666666,14988.978669999999
545,1,28,1,2,1,30,3554,3,9,213,222,41,5426.279289,1,435,1808.759763,54262.79289
546,6,28,1,1,1,19,3882,0,6,301,168,172,4654.835966,1,469,1551.6119886666665,29480.627784666664
547,2,74,0,3,1,27,3985,0,7,289,149,168,2343.211435,1,438,781.0704783333334,21088.902915000002
548,0,24,1,3,3,15,1095,3,3,435,122,90,3153.917877,1,557,1051.305959,15769.589385000001
549,5,43,2,0,4,28,2761,1,5,62,195,115,1713.993345,1,257,571.3311150000001,15997.271220000002
550,2,49,2,0,3,13,1807,2,6,262,52,173,3951.722399,1,314,1317.2407996666668,17124.130395666667
551,5,53,1,2,4,27,2353,3,8,377,172,142,5082.071963,0,549,1694.0239876666667,45738.647667
552,4,67,0,2,3,19,3567,1,7,75,153,176,4037.932995,1,228,1345.9776650000001,25573.575635
553,3,24,1,0,1,21,4856,1,7,296,108,149,4314.657787,1,404,1438.2192623333333,30202.604509
554,0,28,1,3,0,19,1101,3,11,422,194,66,2328.630379,0,616,776.2101263333334,14747.992400333334
555,4,70,2,0,4,13,3708,2,7,401,57,76,4193.990143,0,458,1397.9967143333333,18173.957286333334
556,5,59,2,3,3,18,655,3,10,308,294,132,2527.985795,1,602,842.6619316666666,15167.91477
557,4,53,1,1,3,12,3383,3,7,212,148,88,1161.652085,1,360,387.21736166666665,4646.60834
558,4,56,0,3,2,18,4209,2,2,300,87,181,3652.628037,0,387,1217.542679,21915.768222
559,0,71,2,0,4,7,1543,3,10,409,115,30,4042.555877,1,524,1347.5186256666666,9432.630379666665
560,6,22,0,0,3,21,4992,2,6,106,241,75,1659.453679,1,347,553.1512263333333,11616.175753
561,2,45,0,1,4,16,3716,1,6,163,253,81,5443.554618,0,416,1814.518206,29032.291296
562,6,70,2,1,1,24,4172,0,6,256,211,84,797.934148,1,467,265.97804933333333,6383.473184
563,4,59,0,2,2,20,3304,1,11,61,46,36,4608.092496,0,107,1536.0308320000001,30720.616640000004
564,0,54,2,3,4,7,4639,0,8,384,286,175,900.1261934,0,670,300.04206446666666,2100.294451266667
565,4,71,2,3,0,3,4513,1,3,84,223,28,2544.10358,1,307,848.0345266666667,2544.10358
566,2,48,0,1,2,13,305,2,11,50,182,49,1025.450245,0,232,341.81674833333335,4443.617728333334
567,3,45,2,3,1,7,1935,2,1,353,227,180,2191.458947,0,580,730.4863156666667,5113.404209666666
568,4,70,0,3,3,30,4041,3,12,180,66,112,2952.330363,1,246,984.110121,29523.303630000002
569,2,38,2,0,1,14,4667,0,8,194,226,124,4414.43042,0,420,1471.4768066666666,20600.675293333334
570,6,22,1,2,4,26,1439,2,2,255,179,113,1875.759098,0,434,625.2530326666666,16256.578849333333
571,5,65,0,2,0,15,732,2,4,66,185,159,4686.459673,0,251,1562.1532243333334,23432.298365
572,5,72,1,2,4,24,2758,0,12,340,300,77,2044.603858,1,640,681.5346193333334,16356.830864
573,1,39,2,0,0,25,799,1,4,317,204,125,4732.647028,0,521,1577.5490093333335,39438.72523333334
574,3,64,1,2,3,17,2957,0,8,456,161,37,2350.632598,1,617,783.5441993333334,13320.251388666667
575,6,34,2,3,3,23,3084,3,3,144,257,135,2624.746833,1,401,874.915611,20123.059053
576,2,66,2,1,3,14,1600,3,4,388,197,165,4779.992189,0,585,1593.3307296666665,22306.63021533333
577,2,75,1,2,1,10,2343,2,8,137,37,171,3021.862457,0,174,1007.2874856666667,10072.874856666667
578,0,72,1,2,1,4,688,2,3,307,115,200,2173.147815,1,422,724.3826049999999,2897.5304199999996
579,2,22,2,3,2,17,1704,1,7,398,70,197,3912.240671,1,468,1304.0802236666666,22169.363802333333
580,3,66,2,1,4,3,4159,2,11,424,137,112,4753.625012,1,561,1584.5416706666667,4753.625012
581,1,43,0,0,4,21,1977,2,3,269,171,70,4162.339591,1,440,1387.4465303333334,29136.377137
582,0,45,1,3,4,20,1486,1,3,405,263,128,1525.969093,0,668,508.65636433333333,10173.127286666666
583,3,19,2,1,3,16,3701,0,7,269,144,167,5015.990175,0,413,1671.996725,26751.9476
584,4,45,1,0,4,15,3120,2,9,489,244,40,1660.844155,0,733,553.6147183333334,8304.220775
585,5,65,0,2,4,14,272,1,3,491,283,141,4811.317761,0,774,1603.7725870000002,22452.816218000004
586,1,33,1,3,4,20,3738,2,4,491,87,26,1952.772966,1,578,650.924322,13018.486439999999
587,4,53,1,1,4,6,4356,3,3,240,131,177,4896.575002,1,371,1632.1916673333333,9793.150004
588,0,64,0,2,3,21,3914,1,10,266,37,145,5308.384248,0,303,1769.461416,37158.689736
589,7,57,2,2,3,26,3908,0,1,430,247,76,1842.698172,1,677,614.2327240000001,15970.050824000002
590,6,55,0,0,2,29,2037,3,5,273,237,24,2366.099656,1,510,788.6998853333333,22872.296674666668
591,3,58,0,0,4,14,1619,0,11,274,115,62,1522.048481,1,389,507.34949366666666,7102.892911333333
592,1,35,2,3,1,17,2133,0,4,490,173,56,5306.844655,1,663,1768.9482183333332,30072.119711666666
593,6,63,0,3,1,19,1417,1,11,458,230,122,5312.042836,1,688,1770.6809453333333,33642.93796133333
594,5,20,1,1,2,15,3915,3,12,139,117,84,4208.81061,0,256,1402.9368700000002,21044.053050000002
595,5,59,0,1,1,25,4444,0,3,477,279,99,4621.906466,0,756,1540.6354886666668,38515.88721666667
596,3,30,1,1,3,6,1676,2,11,152,148,92,5003.829817,0,300,1667.9432723333332,10007.659634
597,0,19,2,2,2,8,3068,2,8,271,160,150,4467.77033,0,431,1489.2567766666668,11914.054213333335
598,6,74,2,2,2,16,3421,1,7,457,176,113,4381.065379,1,633,1460.3551263333331,23365.68202133333
599,3,53,2,1,2,30,2349,0,12,404,116,26,744.2417791,1,520,248.08059303333334,7442.417791
600,0,43,0,0,0,15,2272,0,10,78,281,107,2322.505608,0,359,774.168536,11612.528040000001
601,5,67,2,1,3,23,968,2,3,476,192,21,5101.417504,0,668,1700.4725013333334,39110.86753066667
602,2,21,2,3,1,4,2209,3,10,212,237,46,4280.657516,1,449,1426.8858386666668,5707.543354666667
603,7,67,0,1,4,24,4746,0,6,354,153,64,3883.122658,0,507,1294.3742193333333,31064.981264
604,6,22,0,0,4,12,4371,1,7,397,228,101,3835.044592,0,625,1278.3481973333335,15340.178368
605,7,41,1,2,4,19,2636,0,2,104,30,168,4752.182405,0,134,1584.0608016666665,30097.155231666664
606,7,63,0,2,3,2,3898,3,6,375,198,108,795.3140933,0,573,265.1046977666667,530.2093955333333
607,2,72,0,2,1,19,1401,1,5,182,71,164,2909.285384,0,253,969.7617946666666,18425.474098666666
608,5,43,0,3,4,15,3315,1,5,128,267,37,1846.02081,1,395,615.34027,9230.10405
609,0,39,2,3,2,23,4333,2,5,206,93,102,3697.742623,0,299,1232.5808743333334,28349.360109666668
610,3,31,0,1,1,12,4969,3,12,420,109,86,2487.563569,0,529,829.1878563333333,9950.254276
611,1,55,1,2,4,19,2306,2,11,299,112,62,5478.406153,0,411,1826.1353843333334,34696.572302333334
612,7,54,1,2,3,13,369,1,1,239,140,56,4135.533418,0,379,1378.5111393333334,17920.644811333335
613,7,36,2,1,4,14,1397,0,1,129,206,186,1103.295403,1,335,367.7651343333334,5148.711880666668
614,2,62,1,3,0,20,1192,0,2,63,177,104,2431.272821,1,240,810.4242736666666,16208.485473333332
615,0,30,2,3,4,12,3509,1,7,85,96,124,1720.34966,0,181,573.4498866666667,6881.398639999999
616,6,27,2,2,3,7,1470,1,12,412,55,171,4533.096225,0,467,1511.032075,10577.224525000001
617,6,24,1,3,0,10,2435,1,3,374,127,146,1023.301763,1,501,341.1005876666667,3411.005876666667
618,3,71,2,2,1,17,539,0,7,478,64,175,2431.234344,0,542,810.411448,13776.994616
619,7,73,2,2,2,30,414,3,7,363,31,124,2235.674043,1,394,745.224681,22356.74043
620,0,49,0,0,3,16,3550,0,1,430,90,22,1474.318215,0,520,491.439405,7863.03048
621,5,75,2,3,2,2,952,1,4,214,299,183,5100.690594,0,513,1700.230198,3400.460396
622,1,29,0,3,1,16,2053,0,4,228,180,25,1450.836708,0,408,483.612236,7737.795776
623,4,61,2,2,0,24,2739,0,2,391,183,92,2976.129852,1,574,992.043284,23809.038816
624,0,35,2,2,4,2,1796,2,9,103,202,107,2162.728955,1,305,720.9096516666667,1441.8193033333334
625,7,67,2,3,2,2,3728,3,8,115,217,64,1601.095799,0,332,533.6985996666666,1067.3971993333332
626,1,61,0,0,3,23,4823,2,1,384,206,102,5477.131935,0,590,1825.710645,41991.344835
627,0,69,2,0,4,15,1399,1,4,280,82,180,2470.388367,1,362,823.462789,12351.941835000001
628,3,36,2,3,0,16,1124,0,7,325,37,99,4279.31801,1,362,1426.4393366666666,22823.029386666665
629,6,37,2,3,0,3,3055,1,6,261,30,146,5139.47381,0,291,1713.1579366666667,5139.47381
630,4,59,1,1,2,20,880,1,2,121,285,133,2498.476004,1,406,832.8253346666667,16656.506693333333
631,0,70,0,0,4,17,4212,0,10,483,41,180,3625.449825,1,524,1208.483275,20544.215675
632,1,54,2,1,1,18,4879,3,4,147,150,77,3083.894854,1,297,1027.9649513333334,18503.369124
633,5,65,1,3,3,23,3443,3,9,254,234,36,1069.698983,0,488,356.56632766666667,8201.025536333333
634,2,19,1,1,1,7,4094,1,4,237,176,32,1758.119581,0,413,586.0398603333333,4102.279022333333
635,4,25,0,0,0,2,4517,2,1,195,65,168,3301.943112,1,260,1100.647704,2201.295408
636,5,72,2,1,3,7,613,1,1,385,249,62,4934.960942,1,634,1644.9869806666666,11514.908864666666
637,4,20,2,1,3,29,2361,1,2,391,56,83,1177.262922,1,447,392.42097399999994,11380.208245999998
638,6,62,1,2,3,8,3931,2,2,359,290,28,4841.259437,0,649,1613.7531456666666,12910.025165333333
639,0,74,2,3,2,16,848,3,11,187,249,126,4565.645814,1,436,1521.8819380000002,24350.111008000003
640,5,36,0,1,4,20,3467,3,4,146,225,111,3980.300663,0,371,1326.7668876666667,26535.337753333333
641,2,25,2,2,0,23,2697,2,2,114,192,49,2396.890526,1,306,798.9635086666667,18376.160699333333
642,1,59,2,0,3,11,2078,0,5,473,181,61,2588.504506,1,654,862.8348353333334,9491.183188666668
643,7,61,2,0,4,7,443,2,3,288,59,80,3883.585852,0,347,1294.5286173333334,9061.700321333334
644,4,43,1,2,4,21,2088,1,11,420,213,106,4442.134556,0,633,1480.7115186666667,31094.941892000003
645,5,48,2,0,4,13,296,2,6,181,249,194,774.3575862,1,430,258.1191954,3355.5495402
646,3,55,2,0,0,18,2845,1,4,421,132,122,1603.07846,0,553,534.3594866666666,9618.470759999998
647,4,19,0,3,2,17,4005,3,10,65,139,27,2387.838558,1,204,795.946186,13531.085162
648,1,46,0,3,1,19,3476,0,10,98,251,43,4455.083848,0,349,1485.0279493333335,28215.531037333338
649,3,50,1,0,2,25,4064,2,1,446,200,102,3307.229218,0,646,1102.4097393333334,27560.243483333335
650,1,48,2,3,0,26,3136,2,6,308,198,29,5448.488805,0,506,1816.162935,47220.23631
651,1,42,2,0,3,3,3245,1,1,200,219,88,3721.996524,1,419,1240.665508,3721.996524
652,3,71,2,1,0,2,3210,3,10,405,272,147,4756.859552,0,677,1585.6198506666667,3171.2397013333334
653,3,19,2,1,3,3,1657,0,2,492,118,199,4877.065137,1,610,1625.688379,4877.065137
654,6,47,0,1,4,24,1289,2,7,234,294,163,3378.985436,0,528,1126.3284786666666,27031.883488
655,4,45,2,0,3,15,1547,2,5,414,31,57,4463.979057,0,445,1487.9930189999998,22319.895284999995
656,7,30,1,1,2,25,2968,2,7,232,296,195,1778.207018,1,528,592.7356726666667,14818.391816666666
657,6,70,0,1,3,2,735,1,8,465,128,155,3262.58324,1,593,1087.5277466666666,2175.0554933333333
658,1,60,1,0,2,25,2489,0,11,118,64,138,1201.573385,1,182,400.52446166666664,10013.111541666665
659,0,42,0,0,0,20,574,3,11,317,116,176,747.5205293,0,433,249.17350976666668,4983.470195333333
660,2,46,1,0,4,28,1260,1,5,357,279,111,4428.672868,0,636,1476.2242893333332,41334.28010133333
661,2,70,2,1,2,23,3824,0,12,112,84,88,4306.205983,1,196,1435.4019943333333,33014.245869666665
662,5,21,0,0,3,21,1514,2,1,358,273,152,1690.175256,0,631,563.391752,11831.226792
663,3,41,1,2,4,23,4304,3,1,231,276,171,3180.828012,1,507,1060.276004,24386.348092
664,4,50,1,0,3,14,4568,1,7,459,44,93,4310.48953,0,503,1436.8298433333332,20115.617806666665
665,6,38,0,2,0,20,2747,3,12,248,222,165,3649.96793,1,470,1216.6559766666667,24333.119533333334
666,6,34,2,1,3,28,2154,3,4,91,80,149,2205.023277,1,171,735.007759,20580.217252
667,7,51,1,3,3,18,1205,0,11,434,131,22,2710.417325,1,565,903.4724416666667,16262.50395
668,1,30,2,1,4,19,1189,1,10,105,45,176,5044.364849,0,150,1681.4549496666666,31947.644043666667
669,0,24,2,2,4,11,3712,0,8,104,211,49,4547.994151,0,315,1515.9980503333334,16675.978553666668
670,5,73,1,0,4,26,3822,3,4,151,94,128,2027.934693,0,245,675.9782309999999,17575.434006
671,0,63,2,1,3,6,1728,2,5,194,61,179,4053.869781,0,255,1351.289927,8107.739562000001
672,1,26,2,2,2,17,3108,0,1,415,140,133,1047.419999,1,555,349.13999966666665,5935.379994333333
673,6,53,0,2,2,18,3197,3,4,406,147,140,4846.515419,0,553,1615.5051396666668,29079.092514000004
674,0,36,1,3,0,29,637,2,6,71,230,154,2471.765256,0,301,823.9217520000001,23893.730808000004
675,1,23,1,0,2,24,250,3,9,437,171,100,1802.754459,1,608,600.918153,14422.035671999998
676,6,30,1,1,4,12,2001,2,8,252,259,189,3874.089527,0,511,1291.3631756666666,15496.358108
677,7,51,0,3,4,22,4247,1,8,209,135,148,1459.592728,1,344,486.53090933333334,10703.680005333334
678,4,26,0,2,0,5,2690,2,4,362,76,82,5464.506663,1,438,1821.502221,9107.511105
679,0,59,1,1,3,4,4128,3,9,473,247,60,3664.730147,1,720,1221.5767156666668,4886.306862666667
680,4,30,1,3,0,29,2156,2,12,103,254,171,2110.03603,1,357,703.3453433333334,20397.01495666667
681,1,26,1,1,3,10,2706,1,1,143,286,96,2944.146928,1,429,981.3823093333334,9813.823093333334
682,4,32,1,1,2,20,435,0,11,99,273,34,4411.356568,1,372,1470.4521893333333,29409.043786666665
683,6,67,2,3,3,19,2085,3,6,440,44,135,1900.51425,1,484,633.50475,12036.59025
684,6,39,2,3,3,13,1744,1,5,232,240,106,1208.545732,1,472,402.84857733333337,5237.031505333333
685,7,63,1,1,1,3,3262,1,12,109,174,156,3306.145916,1,283,1102.0486386666666,3306.145916
686,2,45,0,1,1,12,1472,0,11,75,266,54,1012.024149,0,341,337.341383,4048.0965960000003
687,1,73,2,0,4,13,664,2,9,394,33,55,2720.30556,1,427,906.76852,11787.990759999999
688,7,38,0,3,1,26,3958,0,10,52,87,171,1833.70215,1,139,611.23405,15892.0853
689,6,37,1,2,3,18,652,2,12,107,96,32,2926.955898,1,203,975.651966,17561.735388
690,1,25,0,2,0,9,4607,2,4,427,67,83,3333.74817,0,494,1111.24939,10001.24451
691,5,39,2,3,4,12,3843,1,8,144,57,115,1440.923122,1,201,480.3077073333333,5763.692488
692,0,69,0,2,2,20,4811,0,7,444,61,66,3009.083509,1,505,1003.0278363333333,20060.556726666666
693,2,53,1,2,3,16,2027,1,9,484,287,180,4228.51737,0,771,1409.50579,22552.09264
694,0,57,0,3,4,13,4340,2,1,206,63,194,5421.014037,0,269,1807.004679,23491.060826999998
695,7,35,1,0,0,8,4043,0,11,295,144,141,1404.221093,1,439,468.0736976666667,3744.5895813333336
696,2,57,0,3,1,12,1258,3,7,330,182,23,4716.210019,1,512,1572.0700063333334,18864.840076
697,4,45,1,0,1,21,2002,0,6,475,196,97,1170.844428,0,671,390.28147600000005,8195.910996
698,4,19,1,2,0,23,4427,0,10,67,236,164,1792.494839,0,303,597.4982796666667,13742.460432333333
699,4,71,1,3,3,10,1793,3,7,339,287,155,2542.88912,0,626,847.6297066666666,8476.297066666666
700,4,36,0,1,3,23,491,3,11,240,104,51,1750.230621,1,344,583.410207,13418.434761
701,3,32,0,2,2,27,2220,0,2,227,30,74,4609.332887,0,257,1536.4442956666664,41483.99598299999
702,5,23,0,3,1,5,2499,3,9,152,143,124,4077.872253,0,295,1359.290751,6796.4537550000005
703,1,66,1,3,0,22,2131,1,5,203,186,114,2145.083495,0,389,715.0278316666667,15730.612296666666
704,6,69,0,3,0,10,4045,3,11,106,101,62,1320.81869,1,207,440.27289666666667,4402.728966666667
705,3,42,1,1,1,19,2016,3,2,288,59,100,3694.553583,0,347,1231.517861,23398.839359
706,0,66,1,3,3,8,1656,3,5,433,84,182,4498.036414,1,517,1499.3454713333333,11994.763770666666
707,7,56,0,2,2,4,3230,2,1,313,50,90,4968.421418,0,363,1656.1404726666667,6624.561890666667
708,0,56,1,1,0,15,2942,3,3,231,297,171,4982.348821,1,528,1660.7829403333333,24911.744104999998
709,6,61,2,0,0,7,663,2,12,296,100,61,2352.093058,1,396,784.0310193333333,5488.217135333333
710,0,26,2,1,4,20,1327,1,7,452,148,115,3116.75037,1,600,1038.91679,20778.3358
711,2,67,1,1,3,30,3689,2,7,480,60,187,3632.559176,1,540,1210.8530586666668,36325.59176
712,0,67,0,1,0,9,1756,0,5,73,113,167,4417.266404,0,186,1472.4221346666666,13251.799212
713,2,54,0,2,2,16,1383,0,2,390,70,136,4167.085664,0,460,1389.0285546666667,22224.456874666666
714,5,54,2,0,4,5,452,3,1,139,284,46,3782.122122,0,423,1260.707374,6303.53687
715,4,58,1,2,2,22,1611,0,11,271,172,64,4018.031249,0,443,1339.3437496666668,29465.562492666668
716,6,26,0,0,3,23,1858,1,7,149,228,72,5383.345055,1,377,1794.4483516666667,41272.31208833333
717,0,30,0,1,1,27,3530,0,1,110,282,45,1029.862156,0,392,343.2873853333333,9268.759403999999
718,1,37,2,0,3,13,2907,3,3,371,135,194,1041.680561,0,506,347.2268536666666,4513.949097666666
719,0,28,0,2,4,30,4827,0,4,151,109,145,3625.692847,0,260,1208.5642823333333,36256.92847
720,3,74,0,0,0,16,1446,2,4,121,297,152,3305.220138,1,418,1101.7400460000001,17627.840736000002
721,4,53,1,1,2,12,4628,3,7,112,30,154,3029.763883,0,142,1009.9212943333333,12119.055532
722,0,48,2,0,2,23,223,0,4,377,161,84,1995.435462,0,538,665.1451539999999,15298.338541999998
723,6,58,0,2,3,20,4693,2,10,441,126,62,1850.60563,1,567,616.8685433333334,12337.370866666668
724,6,65,0,1,2,22,3826,3,12,186,124,80,2639.319752,1,310,879.7732506666666,19355.011514666665
725,3,72,0,2,0,16,4813,1,7,145,270,140,2457.77357,0,415,819.2578566666666,13108.125706666666
726,5,39,0,2,4,13,4587,2,12,145,136,99,1146.185709,1,281,382.06190300000003,4966.804739
727,4,73,0,0,1,8,4577,0,3,168,187,72,2312.625264,1,355,770.8750879999999,6167.000703999999
728,6,39,1,0,0,28,438,2,6,492,106,143,2344.604929,0,598,781.5349763333334,21882.979337333334
729,7,20,1,1,3,30,4618,3,6,429,245,130,4603.354877,1,674,1534.4516256666666,46033.548769999994
730,1,56,2,2,0,15,1126,3,7,464,80,90,3845.825483,0,544,1281.9418276666668,19229.127415000003
731,0,24,2,3,1,3,3068,3,3,329,50,135,3639.62636,0,379,1213.2087866666668,3639.62636
732,3,38,0,1,4,27,4746,1,9,376,259,91,973.3716402,0,635,324.4572134,8760.3447618
733,6,28,2,2,4,10,3199,2,7,265,259,84,4615.748932,1,524,1538.5829773333335,15385.829773333335
734,0,25,0,0,2,4,1956,0,11,408,241,197,3719.318596,0,649,1239.7728653333334,4959.091461333333
735,3,67,0,2,4,29,4986,3,10,388,215,96,3037.786089,0,603,1012.595363,29365.265527
736,5,31,0,0,3,6,1826,3,8,284,169,60,2121.178116,1,453,707.059372,4242.356232
737,0,38,0,2,4,11,2347,1,2,268,114,39,5085.9605,0,382,1695.3201666666666,18648.521833333332
738,2,55,2,2,0,7,2032,3,3,300,254,95,889.7822661,0,554,296.5940887,2076.1586208999997
739,6,22,1,3,0,10,3844,1,6,449,69,41,4461.387824,1,518,1487.1292746666668,14871.292746666668
740,7,57,1,3,0,12,3243,3,4,424,263,35,4875.353589,0,687,1625.1178630000002,19501.414356
741,6,58,1,2,1,27,2594,2,12,493,57,176,1789.929715,1,550,596.6432383333333,16109.367435
742,1,50,0,1,4,11,1812,2,1,247,69,177,4663.642203,0,316,1554.547401,17100.021411
743,6,53,2,3,4,6,2119,3,12,456,212,114,3389.563944,0,668,1129.854648,6779.127888
744,1,65,1,2,0,19,4496,0,6,499,66,189,940.1809374,1,565,313.3936458,5954.4792702
745,5,27,2,3,0,8,1838,2,3,279,65,42,1206.684477,0,344,402.228159,3217.825272
746,6,67,2,1,4,26,3903,3,2,84,227,28,3759.37162,0,311,1253.1238733333332,32581.220706666663
747,2,39,2,0,2,29,3309,0,6,161,206,148,3922.398497,0,367,1307.4661656666667,37916.51880433333
748,5,74,2,2,1,21,1873,1,12,415,64,145,5340.358919,0,479,1780.1196396666667,37382.512433
749,4,19,0,3,4,15,1616,2,12,368,58,177,3099.845558,0,426,1033.2818526666667,15499.22779
750,1,46,2,2,2,14,3965,1,12,388,108,97,3469.466919,0,496,1156.488973,16190.845622
751,3,32,2,3,0,21,3916,2,7,361,235,173,1317.484265,1,596,439.1614216666667,9222.389855000001
752,1,36,1,1,4,10,2263,2,5,178,283,39,1355.92076,0,461,451.9735866666667,4519.735866666667
753,4,74,1,1,2,30,4470,3,2,304,44,120,2228.553999,1,348,742.8513330000001,22285.53999
754,7,69,0,2,1,23,4703,2,6,128,222,145,2004.591097,0,350,668.1970323333334,15368.531743666668
755,1,33,0,3,4,11,4703,2,9,302,265,178,2151.097424,1,567,717.0324746666666,7887.357221333333
756,6,30,0,3,1,5,799,3,5,458,126,99,4983.243096,0,584,1661.081032,8305.40516
757,2,58,1,3,0,28,4069,3,3,401,93,118,2353.907255,1,494,784.6357516666667,21969.801046666667
758,0,53,0,2,4,19,3846,0,10,74,214,140,3473.571286,0,288,1157.8570953333333,21999.28481133333
759,7,42,2,0,4,24,1122,3,12,70,46,122,4132.312747,1,116,1377.4375823333332,33058.501976
760,0,48,1,2,3,30,1968,2,7,488,62,139,2716.603398,1,550,905.5344660000001,27166.03398
761,0,67,0,3,2,29,3128,1,2,410,267,159,4459.792922,1,677,1486.5976406666666,43111.33157933333
762,3,37,2,3,3,4,1668,2,6,383,235,28,2090.040714,1,618,696.680238,2786.720952
763,0,57,1,1,2,21,465,2,7,194,114,21,3930.171791,1,308,1310.0572636666668,27511.202537000005
764,6,26,2,1,2,25,1766,1,6,262,198,91,3510.947084,0,460,1170.3156946666666,29257.892366666663
765,3,43,1,0,4,22,3908,2,12,326,294,144,2692.723269,0,620,897.574423,19746.637306
766,0,61,0,2,1,24,3283,0,11,189,266,130,3401.785766,1,455,1133.9285886666667,27214.286128
767,3,41,1,1,2,2,4536,0,9,393,190,61,852.883995,0,583,284.294665,568.58933
768,5,29,2,2,2,28,3380,0,7,255,46,85,5439.533155,1,301,1813.1777183333334,50768.97611333334
769,1,58,2,1,1,3,637,0,3,161,157,175,4541.72638,0,318,1513.9087933333333,4541.72638
770,4,54,2,1,3,7,2679,0,1,299,274,191,2973.682414,0,573,991.2274713333333,6938.592299333332
771,5,71,0,1,4,30,1272,0,11,295,99,190,2824.533594,0,394,941.511198,28245.33594
772,1,56,0,0,3,6,1416,1,5,263,278,50,4988.737981,0,541,1662.9126603333334,9977.475962
773,6,39,0,3,4,19,4634,3,8,288,245,119,962.7123225,1,533,320.9041075,6097.1780425
774,2,63,0,1,1,17,603,3,11,372,33,157,3758.685534,1,405,1252.895178,21299.218026
775,1,21,0,1,4,6,3288,1,11,252,175,84,4632.71294,1,427,1544.2376466666667,9265.42588
776,5,18,1,1,3,16,4456,3,8,473,91,173,1885.207575,1,564,628.402525,10054.4404
777,0,26,0,2,3,12,1884,3,11,282,41,200,1923.039706,0,323,641.0132353333333,7692.158824
778,5,25,1,1,2,6,996,1,12,303,296,183,1394.745875,1,599,464.9152916666667,2789.49175
779,4,36,1,2,0,10,1549,3,6,121,77,152,769.8779294,1,198,256.62597646666666,2566.2597646666663
780,2,60,0,2,4,2,1671,2,4,477,267,64,4746.854644,1,744,1582.2848813333333,3164.5697626666665
781,1,71,0,1,2,24,3358,2,2,136,76,25,5217.760235,1,212,1739.2534116666666,41742.08188
782,4,19,1,0,4,8,350,3,2,455,46,191,2606.955974,0,501,868.9853246666667,6951.882597333333
783,4,61,1,0,4,15,2437,3,7,402,112,39,4468.786462,1,514,1489.5954873333333,22343.93231
784,4,61,2,1,1,4,4541,2,1,206,267,67,5189.039809,0,473,1729.6799363333332,6918.719745333333
785,1,51,0,1,2,9,2013,3,12,183,293,98,3612.375683,1,476,1204.1252276666667,10837.127049
786,6,51,1,3,1,26,3009,3,7,74,149,30,4144.226928,1,223,1381.408976,35916.633376
787,7,45,2,3,2,22,1657,0,10,466,230,148,2837.623658,1,696,945.8745526666667,20809.240158666667
788,5,42,2,2,0,10,3024,3,4,459,104,182,3121.572409,0,563,1040.5241363333332,10405.241363333333
789,2,70,1,3,0,6,722,1,10,432,107,160,5124.181968,0,539,1708.0606559999999,10248.363936
790,2,46,1,1,4,26,546,0,8,447,220,117,5123.989305,0,667,1707.996435,44407.90731
791,2,61,2,1,0,11,1959,2,6,173,84,152,3296.502816,0,257,1098.834272,12087.176992
792,5,71,1,1,1,24,1528,2,9,310,244,124,3817.684705,0,554,1272.5615683333333,30541.477639999997
793,7,75,2,0,4,4,2096,0,11,450,222,144,3476.593791,0,672,1158.864597,4635.458388
794,1,19,0,0,0,25,3319,3,2,405,152,34,2534.16155,1,557,844.7205166666666,21118.012916666667
795,5,55,1,2,2,23,1902,0,12,167,86,139,3572.874747,0,253,1190.958249,27392.039727
796,6,57,1,2,0,27,2973,0,3,178,60,190,3360.65891,1,238,1120.2196366666667,30245.93019
797,4,26,1,1,0,3,1003,0,8,81,204,20,3432.09063,0,285,1144.0302100000001,3432.0906300000006
798,4,25,2,2,3,13,4194,0,11,213,49,100,2013.802815,0,262,671.267605,8726.478865000001
799,6,72,2,0,3,4,1405,2,3,439,252,60,2118.997223,0,691,706.3324076666667,2825.3296306666666
800,7,50,1,1,1,30,2807,1,4,289,127,47,3152.320785,1,416,1050.773595,31523.207849999995
801,0,35,2,0,3,22,4934,1,5,97,30,36,1960.565908,0,127,653.5219693333333,14377.483325333335
802,7,24,2,3,3,12,4040,2,2,68,124,166,3226.256034,1,192,1075.418678,12905.024136
803,3,61,2,1,1,9,1386,3,9,313,66,33,1395.460244,1,379,465.1534146666667,4186.3807320000005
804,0,56,2,0,2,6,4294,0,3,119,112,142,4070.087546,0,231,1356.6958486666667,8140.175092
805,5,19,1,2,4,19,2435,3,12,235,215,135,3077.806896,1,450,1025.935632,19492.777007999997
806,5,41,2,0,1,25,4130,0,1,427,189,200,3802.322125,1,616,1267.4407083333333,31686.017708333333
807,4,50,0,2,1,27,3788,2,5,413,254,166,5208.048374,1,667,1736.0161246666667,46872.435366
808,6,30,0,1,0,12,3678,3,2,73,68,103,4515.683456,0,141,1505.2278186666665,18062.733824
809,1,41,2,2,3,12,3139,3,6,269,154,78,3237.264949,1,423,1079.0883163333333,12949.059796
810,1,21,1,3,1,28,4052,2,12,345,171,65,3010.445216,1,516,1003.4817386666667,28097.48868266667
811,1,26,0,0,0,15,1751,0,5,439,36,170,2100.736694,0,475,700.2455646666667,10503.68347
812,4,75,1,1,2,3,3344,3,12,53,136,57,3704.430435,0,189,1234.8101450000001,3704.430435
813,3,19,1,2,0,17,4420,2,10,189,150,162,2144.775347,1,339,714.9251156666666,12153.726966333332
814,6,63,2,1,4,25,2276,2,11,105,216,43,1703.832382,0,321,567.9441273333333,14198.603183333333
815,1,45,1,0,2,9,3780,3,9,239,213,98,5331.13858,0,452,1777.0461933333333,15993.41574
816,6,36,0,1,2,27,3961,3,6,300,31,37,2895.335157,1,331,965.111719,26058.016413
817,3,30,1,1,4,25,710,2,9,122,78,85,806.0958381,0,200,268.6986127,6717.4653175
818,6,64,2,2,0,2,2577,2,9,109,135,41,1541.457663,0,244,513.819221,1027.638442
819,3,74,2,3,3,2,861,2,10,286,31,69,5428.779197,0,317,1809.5930656666667,3619.1861313333334
820,3,26,2,2,4,9,4327,1,3,409,98,38,4806.748819,1,507,1602.2496063333335,14420.246457000001
821,1,60,2,2,2,8,1687,2,12,485,108,46,4064.381184,1,593,1354.7937279999999,10838.349823999999
822,7,44,2,0,4,7,2248,1,12,463,160,34,4692.974589,1,623,1564.324863,10950.274041
823,6,57,2,3,2,26,754,1,12,368,245,105,1506.655361,1,613,502.2184536666667,13057.679795333333
824,4,70,2,3,0,27,1094,0,12,235,256,147,3787.330711,0,491,1262.4435703333334,34085.976399
825,1,73,1,2,3,19,3809,0,5,287,151,68,4687.4036,1,438,1562.4678666666666,29686.889466666667
826,5,35,2,1,2,4,3602,0,9,251,133,134,1722.614975,1,384,574.2049916666666,2296.8199666666665
827,3,46,1,1,2,2,4617,3,1,233,284,125,4857.767028,0,517,1619.255676,3238.511352
828,6,60,0,2,2,14,4166,3,5,262,117,189,1361.157335,0,379,453.7191116666667,6352.067563333334
829,7,18,2,1,3,4,4007,2,12,405,133,137,4102.303763,1,538,1367.4345876666666,5469.7383506666665
830,2,69,1,3,2,17,628,1,2,155,291,53,2397.402531,0,446,799.134177,13585.281009
831,2,31,0,2,1,23,3428,0,6,234,118,140,5149.31857,0,352,1716.4395233333335,39478.10903666667
832,6,22,2,3,0,6,3214,3,1,435,270,54,1412.203576,1,705,470.73452533333335,2824.407152
833,7,57,1,2,4,25,1937,3,12,431,171,38,4286.789768,0,602,1428.9299226666665,35723.24806666666
834,4,57,2,0,1,26,747,2,1,359,247,83,5136.211162,0,606,1712.0703873333332,44513.83007066666
835,7,23,0,1,1,29,4210,2,12,394,201,150,5334.171521,1,595,1778.0571736666668,51563.658036333334
836,1,55,2,3,4,11,2227,3,3,127,295,199,2727.537828,1,422,909.179276,10000.972036
837,5,57,1,1,2,14,2238,1,1,224,287,81,3507.644006,1,511,1169.2146686666667,16369.005361333335
838,3,63,0,2,1,18,1202,3,3,155,115,42,2155.121055,1,270,718.373685,12930.726330000001
839,4,56,0,0,2,19,445,3,9,102,141,170,1793.498741,1,243,597.8329136666667,11358.825359666667
840,0,26,0,1,3,12,4281,3,4,439,118,160,3538.303911,0,557,1179.434637,14153.215644
841,6,36,2,3,4,2,470,3,4,172,110,120,1782.94428,1,282,594.31476,1188.62952
842,4,49,2,2,2,9,2390,0,5,223,223,146,3021.678809,1,446,1007.2262696666667,9065.036427
843,4,50,0,3,4,3,2245,2,3,127,43,88,3546.091633,0,170,1182.0305443333334,3546.091633
844,3,62,0,0,3,14,2243,2,10,403,145,60,755.1638442,0,548,251.72128139999998,3524.0979396
845,7,71,0,3,1,21,2287,0,4,130,227,33,3504.23142,0,357,1168.07714,24529.61994
846,4,27,0,3,0,27,687,1,5,303,33,74,5081.210486,0,336,1693.7368286666667,45730.894374
847,0,44,2,3,3,6,1457,1,11,84,254,109,1668.41986,1,338,556.1399533333333,3336.83972
848,5,31,1,2,1,25,722,0,3,156,183,141,2758.547446,1,339,919.5158153333333,22987.895383333333
849,0,64,1,0,0,8,3570,3,3,177,213,99,2299.425712,1,390,766.4752373333334,6131.8018986666675
850,3,73,1,3,1,8,770,2,11,359,232,162,3504.760004,1,591,1168.2533346666667,9346.026677333333
851,0,44,0,3,4,26,3386,1,8,135,65,142,3495.672627,1,200,1165.224209,30295.829434
852,7,23,2,1,0,29,811,0,8,284,234,142,5339.165615,1,518,1779.7218716666666,51611.934278333334
853,7,46,0,0,4,25,4155,1,11,495,207,165,5273.066923,1,702,1757.6889743333334,43942.22435833333
854,5,72,2,1,1,14,2934,0,12,449,193,86,5176.839164,0,642,1725.6130546666666,24158.582765333333
855,4,71,2,1,2,7,4929,3,11,71,290,194,3222.539237,1,361,1074.1797456666666,7519.258219666666
856,5,21,2,2,1,24,1909,1,11,143,257,91,3732.182775,1,400,1244.060925,29857.4622
857,5,63,0,1,4,23,2634,3,11,106,161,138,807.1323589,1,267,269.0441196333333,6188.014751566666
858,4,38,0,2,0,22,1601,1,2,374,44,135,1137.39905,0,418,379.13301666666666,8340.926366666667
859,1,22,1,3,0,6,420,3,11,298,105,45,2690.813557,0,403,896.9378523333334,5381.627114
860,0,33,1,1,0,14,2155,2,1,119,46,36,4944.718944,0,165,1648.239648,23075.355072
861,6,64,2,3,4,27,2046,2,4,398,218,156,3979.698699,1,616,1326.566233,35817.288291
862,7,63,1,1,1,26,2000,3,5,353,108,152,5104.62066,1,461,1701.5402199999999,44240.045719999995
863,1,71,1,0,1,17,3959,2,2,332,96,200,5215.953662,0,428,1738.6512206666666,29557.070751333333
864,2,73,1,3,0,3,4773,3,3,455,199,31,3189.497088,0,654,1063.165696,3189.497088
865,4,63,0,1,0,28,4213,1,1,281,158,71,3861.003139,0,439,1287.0010463333333,36036.029297333334
866,6,18,0,3,2,15,2546,0,12,341,276,116,5071.522798,0,617,1690.5075993333332,25357.613989999998
867,4,32,1,1,3,24,1123,3,4,60,60,169,823.2662232,1,120,274.4220744,6586.1297856
868,4,20,2,1,3,7,3834,1,2,91,177,173,3744.063657,1,268,1248.021219,8736.148533
869,6,38,1,3,2,26,3369,3,5,378,295,190,3883.42293,0,673,1294.47431,33656.33206
870,0,43,0,0,4,21,1470,3,5,348,86,44,1309.862603,0,434,436.6208676666667,9169.038221
871,1,42,0,0,3,16,3639,3,6,386,105,32,2909.546926,1,491,969.8489753333333,15517.583605333333
872,4,40,2,0,1,30,4206,1,11,215,98,107,896.9522103,1,313,298.9840701,8969.522103
873,6,46,1,3,2,7,2689,1,3,291,297,134,1523.643526,0,588,507.8811753333334,3555.1682273333336
874,0,43,2,0,0,11,2454,3,10,374,186,182,1185.979546,0,560,395.32651533333336,4348.591668666667
875,3,19,2,1,1,15,1151,1,6,159,149,135,3486.445598,0,308,1162.1485326666666,17432.22799
876,5,33,2,2,3,8,3407,3,10,210,219,56,1987.004746,0,429,662.3349153333334,5298.679322666667
877,0,18,2,1,3,8,785,2,8,442,295,193,4172.96942,0,737,1390.9898066666667,11127.918453333334
878,5,42,1,2,0,2,820,1,9,256,108,200,2916.875853,1,364,972.291951,1944.583902
879,2,68,0,2,1,8,3367,1,11,253,152,117,4523.310853,1,405,1507.7702843333334,12062.162274666667
880,2,62,0,3,2,14,1457,3,1,265,35,195,1263.640815,0,300,421.213605,5896.99047
881,0,74,0,0,3,30,664,0,4,160,87,80,887.8310538,0,247,295.9436846,8878.310538
882,4,45,1,2,1,22,599,0,2,302,230,148,1770.254521,1,532,590.0848403333333,12981.866487333333
883,7,52,2,0,1,23,1727,0,6,204,259,78,3784.451261,0,463,1261.4837536666666,29014.126334333334
884,4,45,2,0,4,22,3355,3,6,485,126,40,4170.033426,0,611,1390.011142,30580.245124
885,3,42,2,2,3,2,663,3,12,197,90,61,2027.334584,1,287,675.7781946666666,1351.5563893333333
886,7,60,2,0,2,9,2829,1,9,149,297,59,2884.957614,1,446,961.6525379999999,8654.872841999999
887,0,53,1,1,1,20,4477,2,11,223,195,58,4023.706212,0,418,1341.235404,26824.70808
888,5,75,2,2,1,8,3590,0,6,320,183,116,1429.088391,1,503,476.362797,3810.902376
889,4,24,0,0,2,27,391,2,10,257,209,51,4159.326837,1,466,1386.4422789999999,37433.941533
890,0,71,0,1,4,10,3587,2,5,386,35,120,2815.042296,0,421,938.347432,9383.474320000001
891,1,72,0,0,3,30,4742,1,2,443,46,140,1487.677226,1,489,495.89240866666665,14876.77226
892,6,18,0,2,3,9,4318,0,12,389,230,51,4049.927396,0,619,1349.9757986666666,12149.782188
893,2,59,1,3,3,28,915,1,11,221,163,99,3689.319157,1,384,1229.7730523333332,34433.64546533333
894,6,27,1,3,0,10,2498,3,11,246,231,83,2065.262235,0,477,688.420745,6884.20745
895,1,74,1,1,1,3,481,2,9,138,109,188,1341.148052,1,247,447.04935066666667,1341.148052
896,3,55,1,0,2,13,3905,0,2,105,210,84,4225.68856,0,315,1408.5628533333331,18311.31709333333
897,3,51,1,0,1,22,4753,2,8,75,278,134,1892.988073,0,353,630.9960243333334,13881.912535333335
898,6,44,0,0,1,9,3896,1,12,237,245,127,4765.817476,1,482,1588.6058253333333,14297.452428
899,1,66,1,1,4,15,1451,3,1,341,187,104,4669.746827,1,528,1556.5822756666666,23348.734135
900,1,54,2,2,1,30,293,3,5,194,120,45,5407.053021,1,314,1802.351007,54070.53021
901,7,25,0,1,0,25,2706,3,11,441,290,67,1194.217929,0,731,398.07264299999997,9951.816074999999
902,1,70,0,0,2,16,1385,0,9,434,163,98,1564.917079,0,597,521.6390263333334,8346.224421333334
903,3,37,1,1,2,18,2157,1,5,400,278,84,1034.123632,1,678,344.70787733333333,6204.741792
904,3,21,0,2,3,23,2170,2,9,420,172,77,5442.619435,1,592,1814.2064783333333,41726.74900166666
905,5,73,1,1,2,7,4741,2,11,57,279,194,1290.24046,1,336,430.0801533333333,3010.5610733333333
906,2,41,2,3,4,27,749,2,9,160,288,43,5169.005058,1,448,1723.0016859999998,46521.04552199999
907,7,34,0,0,2,24,418,2,12,162,185,180,2613.157401,1,347,871.052467,20905.259208
908,3,36,0,0,4,3,2814,2,3,77,116,194,815.9908851,1,193,271.9969617,815.9908851
909,1,25,2,2,3,29,1763,0,5,153,122,75,4608.110184,1,275,1536.036728,44545.065112000004
910,0,46,2,0,4,2,4500,3,2,255,253,194,4337.897501,0,508,1445.9658336666669,2891.9316673333337
911,4,48,1,2,3,14,513,3,2,398,155,65,3143.050021,1,553,1047.6833403333333,14667.566764666666
912,6,74,0,3,4,21,2013,1,10,196,238,188,1643.031901,0,434,547.6773003333334,11501.223307000002
913,7,68,1,2,1,24,2491,2,6,191,136,135,2087.660383,0,327,695.8867943333333,16701.283064
914,5,65,2,2,4,5,306,0,12,96,169,65,3453.89103,1,265,1151.29701,5756.48505
915,7,40,0,2,3,29,1784,1,8,293,141,75,4959.08282,1,434,1653.0276066666665,47937.80059333333
916,7,21,0,2,2,23,4357,2,8,242,119,190,2047.146776,0,361,682.3822586666666,15694.791949333332
917,4,55,1,0,3,17,2818,0,6,67,51,115,900.8882986,1,118,300.29609953333335,5105.033692066667
918,3,38,0,3,1,27,3813,1,1,222,76,137,2367.855365,0,298,789.2851216666667,21310.698285
919,7,60,2,3,4,11,4838,0,2,497,32,58,752.4475708,1,529,250.81585693333332,2758.9744262666663
920,2,23,2,2,1,13,3071,3,11,167,194,117,3478.496327,1,361,1159.4987756666667,15073.484083666666
921,4,68,0,3,1,28,2012,0,5,349,247,81,2209.883201,0,596,736.6277336666667,20625.57654266667
922,5,31,1,0,3,27,1961,3,9,361,70,149,1248.25716,0,431,416.08572000000004,11234.314440000002
923,1,74,0,1,4,14,1347,2,10,226,99,74,3300.170699,1,325,1100.0568996666666,15400.796595333333
924,5,21,0,3,1,19,1983,2,9,374,37,189,2102.557394,0,411,700.8524646666666,13316.196828666665
925,4,49,2,3,3,4,2475,0,11,55,87,60,1510.270401,0,142,503.423467,2013.693868
926,0,63,2,2,4,2,3195,1,3,66,37,113,5439.184932,1,103,1813.0616440000001,3626.1232880000002
927,4,55,2,3,2,15,1032,0,4,262,300,193,4715.749331,0,562,1571.9164436666667,23578.746655000003
928,2,75,1,2,4,6,2178,3,9,472,100,136,2689.506568,1,572,896.5021893333333,5379.013136
929,4,42,2,1,3,6,3929,1,5,87,71,50,1665.049528,1,158,555.0165093333334,3330.099056
930,2,26,0,1,3,23,3394,1,6,484,256,29,1127.462327,0,740,375.82077566666663,8643.877840333333
931,2,45,1,3,1,19,3873,2,8,230,232,142,2886.003223,1,462,962.0010743333333,18278.020412333335
932,3,31,0,3,4,2,3955,2,11,67,38,75,856.3147667,0,105,285.43825556666667,570.8765111333333
933,0,25,0,2,4,15,4404,3,10,265,149,66,5016.790987,0,414,1672.2636623333335,25083.954935
934,5,66,2,1,0,4,1672,3,12,197,201,133,1661.587731,1,398,553.862577,2215.450308
935,0,26,2,3,4,28,1563,3,3,392,153,43,4700.897345,0,545,1566.9657816666668,43875.04188666667
936,6,41,2,1,2,9,3306,3,3,418,91,76,3495.466587,1,509,1165.155529,10486.399760999999
937,6,32,1,3,4,11,2203,2,2,122,222,163,5187.346571,0,344,1729.1155236666666,19020.270760333333
938,2,47,0,0,1,2,2645,1,1,111,132,188,4929.32658,0,243,1643.10886,3286.21772
939,1,19,0,1,4,21,1412,3,7,192,50,146,4620.843597,1,242,1540.281199,32345.905179
940,3,44,2,3,3,10,2418,1,11,408,49,24,4002.707104,1,457,1334.2357013333333,13342.357013333332
941,7,45,0,1,2,23,2638,3,10,417,37,167,4527.04546,1,454,1509.0151533333335,34707.34852666667
942,0,39,0,3,2,7,771,1,7,66,122,184,2892.541807,0,188,964.1806023333334,6749.264216333333
943,0,72,1,1,1,26,1933,1,4,358,117,28,5337.618701,1,475,1779.2062336666668,46259.36207533334
944,2,28,0,1,2,26,3797,3,8,108,186,178,1495.643058,1,294,498.54768600000006,12962.239836
945,1,18,0,0,0,24,4558,2,1,420,185,135,4752.749931,0,605,1584.2499770000002,38021.999448
946,5,26,1,0,3,3,2439,3,8,169,222,68,4166.187107,1,391,1388.7290356666665,4166.187107
947,5,35,2,1,0,28,4264,0,4,51,60,187,3100.89245,1,111,1033.6308166666665,28941.662866666662
948,0,45,1,1,2,28,3858,0,12,422,116,82,2964.73572,1,538,988.2452400000001,27670.86672
949,7,27,2,2,2,6,3696,0,4,429,293,151,5139.257093,1,722,1713.0856976666666,10278.514186
950,3,72,2,2,2,3,2161,0,6,282,187,109,5313.489739,0,469,1771.1632463333333,5313.489739
951,6,53,1,0,4,4,3793,2,3,373,146,34,5026.086684,1,519,1675.362228,6701.448912
952,2,49,1,3,1,13,3880,3,8,203,266,72,1072.120616,0,469,357.37353866666666,4645.856002666666
953,7,49,2,3,3,30,612,1,7,386,95,141,1986.854336,1,481,662.2847786666667,19868.543360000003
954,5,48,0,3,0,2,4851,3,12,157,45,130,5107.287545,0,202,1702.4291816666666,3404.8583633333333
955,1,47,0,1,0,27,2079,1,8,400,49,54,4439.865573,1,449,1479.955191,39958.790157
956,7,18,2,1,4,6,2867,1,7,170,66,55,2142.294868,0,236,714.0982893333334,4284.589736
957,6,63,0,3,0,10,4354,2,12,172,79,67,2487.24524,0,251,829.0817466666667,8290.817466666667
958,1,28,2,2,1,20,1501,2,8,458,46,165,3930.302223,1,504,1310.100741,26202.01482
959,3,30,0,1,2,2,1665,3,1,138,248,61,998.6361555,1,386,332.8787185,665.757437
960,5,64,2,1,1,22,2634,2,9,299,266,135,3560.447417,1,565,1186.8158056666666,26109.947724666665
961,2,24,2,1,0,8,1819,0,12,207,238,30,4979.268004,1,445,1659.7560013333332,13278.048010666666
962,2,62,2,3,0,10,2668,0,5,142,94,164,3734.915304,0,236,1244.971768,12449.717680000002
963,5,54,2,0,2,16,3098,0,8,278,73,105,2501.727032,0,351,833.9090106666666,13342.544170666666
964,3,40,2,3,2,13,4395,3,3,413,177,32,2008.292231,0,590,669.4307436666667,8702.599667666667
965,2,36,2,0,3,17,2528,0,11,145,259,173,4522.84541,1,404,1507.6151366666666,25629.457323333332
966,4,25,1,1,2,30,735,0,12,455,181,103,5359.867631,1,636,1786.6225436666666,53598.676309999995
967,6,41,0,0,0,24,517,3,8,451,122,78,4109.015082,1,573,1369.671694,32872.120656
968,5,69,1,1,4,10,2046,2,5,263,152,95,3431.770474,0,415,1143.9234913333332,11439.234913333332
969,5,26,1,3,2,4,2787,1,9,208,266,131,1220.105823,0,474,406.70194100000003,1626.8077640000001
970,5,55,0,1,2,21,361,2,8,351,101,134,1834.0571,0,452,611.3523666666666,12838.3997
971,6,24,1,2,1,26,4582,2,3,57,88,91,1558.418543,0,145,519.4728476666667,13506.294039333334
972,6,72,0,0,4,25,1344,3,4,320,82,171,3786.725475,1,402,1262.241825,31556.045625000002
973,5,42,0,1,1,10,425,1,11,374,167,184,1393.325584,0,541,464.4418613333333,4644.418613333333
974,4,18,1,3,0,26,2961,1,7,488,113,22,2527.180473,0,601,842.3934909999999,21902.230765999997
975,0,20,2,0,4,7,2979,0,6,463,234,143,4348.757768,0,697,1449.5859226666669,10147.101458666668
976,0,52,1,1,1,15,3180,0,2,52,164,112,1124.996892,0,216,374.99896399999994,5624.984459999999
977,3,33,1,1,0,30,340,3,8,273,174,35,2821.697154,0,447,940.565718,28216.97154
978,6,59,1,1,3,30,2118,2,11,436,66,87,5196.471992,0,502,1732.1573306666667,51964.71992
979,5,68,2,1,3,24,2854,2,3,360,166,51,4195.057658,1,526,1398.3525526666665,33560.461264
980,2,41,0,2,1,2,3156,3,6,254,238,126,1013.13991,1,492,337.71330333333333,675.4266066666667
981,6,48,1,2,4,24,487,0,5,438,122,49,1591.927033,1,560,530.6423443333333,12735.416264
982,7,36,0,2,1,5,2027,2,8,66,89,191,5475.576027,1,155,1825.192009,9125.960045
983,4,56,0,0,2,26,799,2,6,481,181,74,5138.947194,1,662,1712.982398,44537.542348
984,3,60,2,1,2,14,661,2,3,193,124,37,4160.662405,1,317,1386.8874683333333,19416.424556666665
985,6,42,0,0,2,22,421,0,3,384,79,51,1093.450264,0,463,364.48342133333335,8018.635269333334
986,1,30,1,2,0,15,1577,1,10,345,175,50,4289.124477,0,520,1429.708159,21445.622385
987,1,27,1,2,0,2,298,3,2,174,118,119,3014.048224,0,292,1004.6827413333334,2009.3654826666668
988,3,62,0,2,0,12,3715,0,6,474,145,197,3393.247762,0,619,1131.0825873333333,13572.991048
989,3,29,0,3,1,4,3169,0,5,468,203,168,1244.894442,0,671,414.964814,1659.859256
990,2,31,1,2,0,8,1658,1,8,299,199,71,3454.217069,1,498,1151.4056896666666,9211.245517333333
991,6,72,2,0,4,25,1610,3,1,233,166,37,4175.004839,0,399,1391.6682796666666,34791.706991666666
992,1,69,2,2,2,23,4571,0,4,446,56,140,2984.323953,0,502,994.7746510000001,22879.816973
993,7,42,0,0,3,27,321,0,1,135,284,99,5149.008153,0,419,1716.336051,46341.073377
994,2,37,2,1,4,3,754,2,10,263,162,45,2949.855958,0,425,983.2853193333334,2949.855958
995,5,42,0,3,4,26,4709,3,5,150,141,193,3409.059496,1,291,1136.3531653333332,29545.182298666663
996,2,31,1,0,1,17,2435,0,8,483,113,111,1784.080994,0,596,594.6936646666667,10109.792299333334
997,7,68,2,3,4,8,3788,2,8,180,196,192,2913.901563,1,376,971.300521,7770.404168
998,4,39,1,0,2,5,951,3,9,393,100,177,3659.401598,0,493,1219.8005326666666,6099.002663333333
999,5,19,0,3,2,12,1897,2,9,312,201,173,1838.741945,0,513,612.9139816666667,7354.967780000001
